TERRITORIO#es,TERRITORIO_CODE,TIME_PERIOD#es,TIME_PERIOD_CODE,TIPO_OBRA_VIVIENDAS#es,TIPO_OBRA_VIVIENDAS_CODE,MEDIDAS#es,MEDIDAS_CODE,OBS_VALUE,NOTAS_OBSERVACION#es,CONFIDENCIALIDAD_OBSERVACION#es,ESTADO_OBSERVACION#es,ESTADO_OBSERVACION_CODE
Arrecife,35004,2012,2012,Demolición,DEMOLICION,Viviendas,VIVIENDAS,1,,,,
Arrecife,35004,2013,2013,Demolición,DEMOLICION,Viviendas,VIVIENDAS,0,,,,
Arrecife,35004,2014,2014,Demolición,DEMOLICION,Viviendas,VIVIENDAS,0,,,,
Arrecife,35004,2015,2015,Demolición,DEMOLICION,Viviendas,VIVIENDAS,1,,,,
Arrecife,35004,2016,2016,Demolición,DEMOLICION,Viviendas,VIVIENDAS,3,,,,
Arrecife,35004,2017,2017,Demolición,DEMOLICION,Viviendas,VIVIENDAS,5,,,,
Arrecife,35004,2018,2018,Demolición,DEMOLICION,Viviendas,VIVIENDAS,5,,,,
Arrecife,35004,2019,2019,Demolición,DEMOLICION,Viviendas,VIVIENDAS,6,,,,
Arrecife,35004,2012,2012,Rehabilitación,REHABILITACION,Viviendas,VIVIENDAS,1,,,,
Arrecife,35004,2013,2013,Rehabilitación,REHABILITACION,Viviendas,VIVIENDAS,0,,,,
Arrecife,35004,2014,2014,Rehabilitación,REHABILITACION,Viviendas,VIVIENDAS,1,,,,
Arrecife,35004,2015,2015,Rehabilitación,REHABILITACION,Viviendas,VIVIENDAS,2,,,,
Arrecife,35004,2016,2016,Rehabilitación,REHABILITACION,Viviendas,VIVIENDAS,5,,,,
Arrecife,35004,2017,2017,Rehabilitación,REHABILITACION,Viviendas,VIVIENDAS,4,,,,
Arrecife,35004,2018,2018,Rehabilitación,REHABILITACION,Viviendas,VIVIENDAS,9,,,,
Arrecife,35004,2019,2019,Rehabilitación,REHABILITACION,Viviendas,VIVIENDAS,32,,,,
Arrecife,35004,2012,2012,Saldo de viviendas,SALDO_VIVIENDAS,Viviendas,VIVIENDAS,14,,,,
Arrecife,35004,2013,2013,Saldo de viviendas,SALDO_VIVIENDAS,Viviendas,VIVIENDAS,2,,,,
Arrecife,35004,2014,2014,Saldo de viviendas,SALDO_VIVIENDAS,Viviendas,VIVIENDAS,8,,,,
Arrecife,35004,2015,2015,Saldo de viviendas,SALDO_VIVIENDAS,Viviendas,VIVIENDAS,10,,,,
Arrecife,35004,2016,2016,Saldo de viviendas,SALDO_VIVIENDAS,Viviendas,VIVIENDAS,14,,,,
Arrecife,35004,2017,2017,Saldo de viviendas,SALDO_VIVIENDAS,Viviendas,VIVIENDAS,8,,,,
Arrecife,35004,2018,2018,Saldo de viviendas,SALDO_VIVIENDAS,Viviendas,VIVIENDAS,77,,,,
Arrecife,35004,2019,2019,Saldo de viviendas,SALDO_VIVIENDAS,Viviendas,VIVIENDAS,175,,,,
Arrecife,35004,2012,2012,Obra nueva,OBRA_NUEVA,Viviendas,VIVIENDAS,14,,,,
Arrecife,35004,2013,2013,Obra nueva,OBRA_NUEVA,Viviendas,VIVIENDAS,2,,,,
Arrecife,35004,2014,2014,Obra nueva,OBRA_NUEVA,Viviendas,VIVIENDAS,7,,,,
Arrecife,35004,2015,2015,Obra nueva,OBRA_NUEVA,Viviendas,VIVIENDAS,9,,,,
Arrecife,35004,2016,2016,Obra nueva,OBRA_NUEVA,Viviendas,VIVIENDAS,12,,,,
Arrecife,35004,2017,2017,Obra nueva,OBRA_NUEVA,Viviendas,VIVIENDAS,9,,,,
Arrecife,35004,2018,2018,Obra nueva,OBRA_NUEVA,Viviendas,VIVIENDAS,73,,,,
Arrecife,35004,2019,2019,Obra nueva,OBRA_NUEVA,Viviendas,VIVIENDAS,149,,,,
Haría,35010,2012,2012,Demolición,DEMOLICION,Viviendas,VIVIENDAS,0,,,,
Haría,35010,2013,2013,Demolición,DEMOLICION,Viviendas,VIVIENDAS,1,,,,
Haría,35010,2014,2014,Demolición,DEMOLICION,Viviendas,VIVIENDAS,0,,,,
Haría,35010,2015,2015,Demolición,DEMOLICION,Viviendas,VIVIENDAS,0,,,,
Haría,35010,2016,2016,Demolición,DEMOLICION,Viviendas,VIVIENDAS,1,,,,
Haría,35010,2017,2017,Demolición,DEMOLICION,Viviendas,VIVIENDAS,0,,,,
Haría,35010,2018,2018,Demolición,DEMOLICION,Viviendas,VIVIENDAS,0,,,,
Haría,35010,2019,2019,Demolición,DEMOLICION,Viviendas,VIVIENDAS,1,,,,
Haría,35010,2012,2012,Rehabilitación,REHABILITACION,Viviendas,VIVIENDAS,0,,,,
Haría,35010,2013,2013,Rehabilitación,REHABILITACION,Viviendas,VIVIENDAS,1,,,,
Haría,35010,2014,2014,Rehabilitación,REHABILITACION,Viviendas,VIVIENDAS,0,,,,
Haría,35010,2015,2015,Rehabilitación,REHABILITACION,Viviendas,VIVIENDAS,0,,,,
Haría,35010,2016,2016,Rehabilitación,REHABILITACION,Viviendas,VIVIENDAS,0,,,,
Haría,35010,2017,2017,Rehabilitación,REHABILITACION,Viviendas,VIVIENDAS,4,,,,
Haría,35010,2018,2018,Rehabilitación,REHABILITACION,Viviendas,VIVIENDAS,2,,,,
Haría,35010,2019,2019,Rehabilitación,REHABILITACION,Viviendas,VIVIENDAS,3,,,,
Haría,35010,2012,2012,Saldo de viviendas,SALDO_VIVIENDAS,Viviendas,VIVIENDAS,9,,,,
Haría,35010,2013,2013,Saldo de viviendas,SALDO_VIVIENDAS,Viviendas,VIVIENDAS,2,,,,
Haría,35010,2014,2014,Saldo de viviendas,SALDO_VIVIENDAS,Viviendas,VIVIENDAS,0,,,,
Haría,35010,2015,2015,Saldo de viviendas,SALDO_VIVIENDAS,Viviendas,VIVIENDAS,4,,,,
Haría,35010,2016,2016,Saldo de viviendas,SALDO_VIVIENDAS,Viviendas,VIVIENDAS,2,,,,
Haría,35010,2017,2017,Saldo de viviendas,SALDO_VIVIENDAS,Viviendas,VIVIENDAS,11,,,,
Haría,35010,2018,2018,Saldo de viviendas,SALDO_VIVIENDAS,Viviendas,VIVIENDAS,8,,,,
Haría,35010,2019,2019,Saldo de viviendas,SALDO_VIVIENDAS,Viviendas,VIVIENDAS,8,,,,
Haría,35010,2012,2012,Obra nueva,OBRA_NUEVA,Viviendas,VIVIENDAS,9,,,,
Haría,35010,2013,2013,Obra nueva,OBRA_NUEVA,Viviendas,VIVIENDAS,2,,,,
Haría,35010,2014,2014,Obra nueva,OBRA_NUEVA,Viviendas,VIVIENDAS,0,,,,
Haría,35010,2015,2015,Obra nueva,OBRA_NUEVA,Viviendas,VIVIENDAS,4,,,,
Haría,35010,2016,2016,Obra nueva,OBRA_NUEVA,Viviendas,VIVIENDAS,3,,,,
Haría,35010,2017,2017,Obra nueva,OBRA_NUEVA,Viviendas,VIVIENDAS,7,,,,
Haría,35010,2018,2018,Obra nueva,OBRA_NUEVA,Viviendas,VIVIENDAS,6,,,,
Haría,35010,2019,2019,Obra nueva,OBRA_NUEVA,Viviendas,VIVIENDAS,6,,,,
San Bartolomé,35018,2012,2012,Demolición,DEMOLICION,Viviendas,VIVIENDAS,0,,,,
San Bartolomé,35018,2013,2013,Demolición,DEMOLICION,Viviendas,VIVIENDAS,0,,,,
San Bartolomé,35018,2014,2014,Demolición,DEMOLICION,Viviendas,VIVIENDAS,0,,,,
San Bartolomé,35018,2015,2015,Demolición,DEMOLICION,Viviendas,VIVIENDAS,0,,,,
San Bartolomé,35018,2016,2016,Demolición,DEMOLICION,Viviendas,VIVIENDAS,0,,,,
San Bartolomé,35018,2017,2017,Demolición,DEMOLICION,Viviendas,VIVIENDAS,0,,,,
San Bartolomé,35018,2018,2018,Demolición,DEMOLICION,Viviendas,VIVIENDAS,0,,,,
San Bartolomé,35018,2019,2019,Demolición,DEMOLICION,Viviendas,VIVIENDAS,1,,,,
San Bartolomé,35018,2012,2012,Rehabilitación,REHABILITACION,Viviendas,VIVIENDAS,0,,,,
San Bartolomé,35018,2013,2013,Rehabilitación,REHABILITACION,Viviendas,VIVIENDAS,1,,,,
San Bartolomé,35018,2014,2014,Rehabilitación,REHABILITACION,Viviendas,VIVIENDAS,0,,,,
San Bartolomé,35018,2015,2015,Rehabilitación,REHABILITACION,Viviendas,VIVIENDAS,0,,,,
San Bartolomé,35018,2016,2016,Rehabilitación,REHABILITACION,Viviendas,VIVIENDAS,0,,,,
San Bartolomé,35018,2017,2017,Rehabilitación,REHABILITACION,Viviendas,VIVIENDAS,0,,,,
San Bartolomé,35018,2018,2018,Rehabilitación,REHABILITACION,Viviendas,VIVIENDAS,0,,,,
San Bartolomé,35018,2019,2019,Rehabilitación,REHABILITACION,Viviendas,VIVIENDAS,0,,,,
San Bartolomé,35018,2012,2012,Saldo de viviendas,SALDO_VIVIENDAS,Viviendas,VIVIENDAS,4,,,,
San Bartolomé,35018,2013,2013,Saldo de viviendas,SALDO_VIVIENDAS,Viviendas,VIVIENDAS,3,,,,
San Bartolomé,35018,2014,2014,Saldo de viviendas,SALDO_VIVIENDAS,Viviendas,VIVIENDAS,1,,,,
San Bartolomé,35018,2015,2015,Saldo de viviendas,SALDO_VIVIENDAS,Viviendas,VIVIENDAS,4,,,,
San Bartolomé,35018,2016,2016,Saldo de viviendas,SALDO_VIVIENDAS,Viviendas,VIVIENDAS,6,,,,
San Bartolomé,35018,2017,2017,Saldo de viviendas,SALDO_VIVIENDAS,Viviendas,VIVIENDAS,8,,,,
San Bartolomé,35018,2018,2018,Saldo de viviendas,SALDO_VIVIENDAS,Viviendas,VIVIENDAS,10,,,,
San Bartolomé,35018,2019,2019,Saldo de viviendas,SALDO_VIVIENDAS,Viviendas,VIVIENDAS,13,,,,
San Bartolomé,35018,2012,2012,Obra nueva,OBRA_NUEVA,Viviendas,VIVIENDAS,4,,,,
San Bartolomé,35018,2013,2013,Obra nueva,OBRA_NUEVA,Viviendas,VIVIENDAS,2,,,,
San Bartolomé,35018,2014,2014,Obra nueva,OBRA_NUEVA,Viviendas,VIVIENDAS,1,,,,
San Bartolomé,35018,2015,2015,Obra nueva,OBRA_NUEVA,Viviendas,VIVIENDAS,4,,,,
San Bartolomé,35018,2016,2016,Obra nueva,OBRA_NUEVA,Viviendas,VIVIENDAS,6,,,,
San Bartolomé,35018,2017,2017,Obra nueva,OBRA_NUEVA,Viviendas,VIVIENDAS,8,,,,
San Bartolomé,35018,2018,2018,Obra nueva,OBRA_NUEVA,Viviendas,VIVIENDAS,10,,,,
San Bartolomé,35018,2019,2019,Obra nueva,OBRA_NUEVA,Viviendas,VIVIENDAS,14,,,,
Teguise,35024,2012,2012,Demolición,DEMOLICION,Viviendas,VIVIENDAS,4,,,,
Teguise,35024,2013,2013,Demolición,DEMOLICION,Viviendas,VIVIENDAS,0,,,,
Teguise,35024,2014,2014,Demolición,DEMOLICION,Viviendas,VIVIENDAS,0,,,,
Teguise,35024,2015,2015,Demolición,DEMOLICION,Viviendas,VIVIENDAS,2,,,,
Teguise,35024,2016,2016,Demolición,DEMOLICION,Viviendas,VIVIENDAS,2,,,,
Teguise,35024,2017,2017,Demolición,DEMOLICION,Viviendas,VIVIENDAS,1,,,,
Teguise,35024,2018,2018,Demolición,DEMOLICION,Viviendas,VIVIENDAS,0,,,,
Teguise,35024,2019,2019,Demolición,DEMOLICION,Viviendas,VIVIENDAS,3,,,,
Teguise,35024,2012,2012,Rehabilitación,REHABILITACION,Viviendas,VIVIENDAS,1,,,,
Teguise,35024,2013,2013,Rehabilitación,REHABILITACION,Viviendas,VIVIENDAS,11,,,,
Teguise,35024,2014,2014,Rehabilitación,REHABILITACION,Viviendas,VIVIENDAS,4,,,,
Teguise,35024,2015,2015,Rehabilitación,REHABILITACION,Viviendas,VIVIENDAS,0,,,,
Teguise,35024,2016,2016,Rehabilitación,REHABILITACION,Viviendas,VIVIENDAS,3,,,,
Teguise,35024,2017,2017,Rehabilitación,REHABILITACION,Viviendas,VIVIENDAS,2,,,,
Teguise,35024,2018,2018,Rehabilitación,REHABILITACION,Viviendas,VIVIENDAS,1,,,,
Teguise,35024,2019,2019,Rehabilitación,REHABILITACION,Viviendas,VIVIENDAS,2,,,,
Teguise,35024,2012,2012,Saldo de viviendas,SALDO_VIVIENDAS,Viviendas,VIVIENDAS,8,,,,
Teguise,35024,2013,2013,Saldo de viviendas,SALDO_VIVIENDAS,Viviendas,VIVIENDAS,13,,,,
Teguise,35024,2014,2014,Saldo de viviendas,SALDO_VIVIENDAS,Viviendas,VIVIENDAS,14,,,,
Teguise,35024,2015,2015,Saldo de viviendas,SALDO_VIVIENDAS,Viviendas,VIVIENDAS,10,,,,
Teguise,35024,2016,2016,Saldo de viviendas,SALDO_VIVIENDAS,Viviendas,VIVIENDAS,10,,,,
Teguise,35024,2017,2017,Saldo de viviendas,SALDO_VIVIENDAS,Viviendas,VIVIENDAS,115,,,,
Teguise,35024,2018,2018,Saldo de viviendas,SALDO_VIVIENDAS,Viviendas,VIVIENDAS,24,,,,
Teguise,35024,2019,2019,Saldo de viviendas,SALDO_VIVIENDAS,Viviendas,VIVIENDAS,97,,,,
Teguise,35024,2012,2012,Obra nueva,OBRA_NUEVA,Viviendas,VIVIENDAS,11,,,,
Teguise,35024,2013,2013,Obra nueva,OBRA_NUEVA,Viviendas,VIVIENDAS,2,,,,
Teguise,35024,2014,2014,Obra nueva,OBRA_NUEVA,Viviendas,VIVIENDAS,10,,,,
Teguise,35024,2015,2015,Obra nueva,OBRA_NUEVA,Viviendas,VIVIENDAS,12,,,,
Teguise,35024,2016,2016,Obra nueva,OBRA_NUEVA,Viviendas,VIVIENDAS,9,,,,
Teguise,35024,2017,2017,Obra nueva,OBRA_NUEVA,Viviendas,VIVIENDAS,114,,,,
Teguise,35024,2018,2018,Obra nueva,OBRA_NUEVA,Viviendas,VIVIENDAS,23,,,,
Teguise,35024,2019,2019,Obra nueva,OBRA_NUEVA,Viviendas,VIVIENDAS,98,,,,
Tías,35028,2012,2012,Demolición,DEMOLICION,Viviendas,VIVIENDAS,0,,,,
Tías,35028,2013,2013,Demolición,DEMOLICION,Viviendas,VIVIENDAS,0,,,,
Tías,35028,2014,2014,Demolición,DEMOLICION,Viviendas,VIVIENDAS,0,,,,
Tías,35028,2015,2015,Demolición,DEMOLICION,Viviendas,VIVIENDAS,0,,,,
Tías,35028,2016,2016,Demolición,DEMOLICION,Viviendas,VIVIENDAS,0,,,,
Tías,35028,2017,2017,Demolición,DEMOLICION,Viviendas,VIVIENDAS,1,,,,
Tías,35028,2018,2018,Demolición,DEMOLICION,Viviendas,VIVIENDAS,0,,,,
Tías,35028,2019,2019,Demolición,DEMOLICION,Viviendas,VIVIENDAS,3,,,,
Tías,35028,2012,2012,Rehabilitación,REHABILITACION,Viviendas,VIVIENDAS,0,,,,
Tías,35028,2013,2013,Rehabilitación,REHABILITACION,Viviendas,VIVIENDAS,0,,,,
Tías,35028,2014,2014,Rehabilitación,REHABILITACION,Viviendas,VIVIENDAS,1,,,,
Tías,35028,2015,2015,Rehabilitación,REHABILITACION,Viviendas,VIVIENDAS,3,,,,
Tías,35028,2016,2016,Rehabilitación,REHABILITACION,Viviendas,VIVIENDAS,0,,,,
Tías,35028,2017,2017,Rehabilitación,REHABILITACION,Viviendas,VIVIENDAS,116,,,,
Tías,35028,2018,2018,Rehabilitación,REHABILITACION,Viviendas,VIVIENDAS,118,,,,
Tías,35028,2019,2019,Rehabilitación,REHABILITACION,Viviendas,VIVIENDAS,4,,,,
Tías,35028,2012,2012,Saldo de viviendas,SALDO_VIVIENDAS,Viviendas,VIVIENDAS,5,,,,
Tías,35028,2013,2013,Saldo de viviendas,SALDO_VIVIENDAS,Viviendas,VIVIENDAS,5,,,,
Tías,35028,2014,2014,Saldo de viviendas,SALDO_VIVIENDAS,Viviendas,VIVIENDAS,9,,,,
Tías,35028,2015,2015,Saldo de viviendas,SALDO_VIVIENDAS,Viviendas,VIVIENDAS,10,,,,
Tías,35028,2016,2016,Saldo de viviendas,SALDO_VIVIENDAS,Viviendas,VIVIENDAS,12,,,,
Tías,35028,2017,2017,Saldo de viviendas,SALDO_VIVIENDAS,Viviendas,VIVIENDAS,134,,,,
Tías,35028,2018,2018,Saldo de viviendas,SALDO_VIVIENDAS,Viviendas,VIVIENDAS,145,,,,
Tías,35028,2019,2019,Saldo de viviendas,SALDO_VIVIENDAS,Viviendas,VIVIENDAS,32,,,,
Tías,35028,2012,2012,Obra nueva,OBRA_NUEVA,Viviendas,VIVIENDAS,5,,,,
Tías,35028,2013,2013,Obra nueva,OBRA_NUEVA,Viviendas,VIVIENDAS,5,,,,
Tías,35028,2014,2014,Obra nueva,OBRA_NUEVA,Viviendas,VIVIENDAS,8,,,,
Tías,35028,2015,2015,Obra nueva,OBRA_NUEVA,Viviendas,VIVIENDAS,7,,,,
Tías,35028,2016,2016,Obra nueva,OBRA_NUEVA,Viviendas,VIVIENDAS,12,,,,
Tías,35028,2017,2017,Obra nueva,OBRA_NUEVA,Viviendas,VIVIENDAS,19,,,,
Tías,35028,2018,2018,Obra nueva,OBRA_NUEVA,Viviendas,VIVIENDAS,27,,,,
Tías,35028,2019,2019,Obra nueva,OBRA_NUEVA,Viviendas,VIVIENDAS,31,,,,
Tinajo,35029,2012,2012,Demolición,DEMOLICION,Viviendas,VIVIENDAS,0,,,,
Tinajo,35029,2013,2013,Demolición,DEMOLICION,Viviendas,VIVIENDAS,0,,,,
Tinajo,35029,2014,2014,Demolición,DEMOLICION,Viviendas,VIVIENDAS,0,,,,
Tinajo,35029,2015,2015,Demolición,DEMOLICION,Viviendas,VIVIENDAS,0,,,,
Tinajo,35029,2016,2016,Demolición,DEMOLICION,Viviendas,VIVIENDAS,0,,,,
Tinajo,35029,2017,2017,Demolición,DEMOLICION,Viviendas,VIVIENDAS,0,,,,
Tinajo,35029,2018,2018,Demolición,DEMOLICION,Viviendas,VIVIENDAS,0,,,,
Tinajo,35029,2019,2019,Demolición,DEMOLICION,Viviendas,VIVIENDAS,0,,,,
Tinajo,35029,2012,2012,Rehabilitación,REHABILITACION,Viviendas,VIVIENDAS,0,,,,
Tinajo,35029,2013,2013,Rehabilitación,REHABILITACION,Viviendas,VIVIENDAS,1,,,,
Tinajo,35029,2014,2014,Rehabilitación,REHABILITACION,Viviendas,VIVIENDAS,0,,,,
Tinajo,35029,2015,2015,Rehabilitación,REHABILITACION,Viviendas,VIVIENDAS,1,,,,
Tinajo,35029,2016,2016,Rehabilitación,REHABILITACION,Viviendas,VIVIENDAS,0,,,,
Tinajo,35029,2017,2017,Rehabilitación,REHABILITACION,Viviendas,VIVIENDAS,0,,,,
Tinajo,35029,2018,2018,Rehabilitación,REHABILITACION,Viviendas,VIVIENDAS,0,,,,
Tinajo,35029,2019,2019,Rehabilitación,REHABILITACION,Viviendas,VIVIENDAS,3,,,,
Tinajo,35029,2012,2012,Saldo de viviendas,SALDO_VIVIENDAS,Viviendas,VIVIENDAS,13,,,,
Tinajo,35029,2013,2013,Saldo de viviendas,SALDO_VIVIENDAS,Viviendas,VIVIENDAS,1,,,,
Tinajo,35029,2014,2014,Saldo de viviendas,SALDO_VIVIENDAS,Viviendas,VIVIENDAS,8,,,,
Tinajo,35029,2015,2015,Saldo de viviendas,SALDO_VIVIENDAS,Viviendas,VIVIENDAS,3,,,,
Tinajo,35029,2016,2016,Saldo de viviendas,SALDO_VIVIENDAS,Viviendas,VIVIENDAS,4,,,,
Tinajo,35029,2017,2017,Saldo de viviendas,SALDO_VIVIENDAS,Viviendas,VIVIENDAS,0,,,,
Tinajo,35029,2018,2018,Saldo de viviendas,SALDO_VIVIENDAS,Viviendas,VIVIENDAS,14,,,,
Tinajo,35029,2019,2019,Saldo de viviendas,SALDO_VIVIENDAS,Viviendas,VIVIENDAS,24,,,,
Tinajo,35029,2012,2012,Obra nueva,OBRA_NUEVA,Viviendas,VIVIENDAS,13,,,,
Tinajo,35029,2013,2013,Obra nueva,OBRA_NUEVA,Viviendas,VIVIENDAS,0,,,,
Tinajo,35029,2014,2014,Obra nueva,OBRA_NUEVA,Viviendas,VIVIENDAS,8,,,,
Tinajo,35029,2015,2015,Obra nueva,OBRA_NUEVA,Viviendas,VIVIENDAS,2,,,,
Tinajo,35029,2016,2016,Obra nueva,OBRA_NUEVA,Viviendas,VIVIENDAS,4,,,,
Tinajo,35029,2017,2017,Obra nueva,OBRA_NUEVA,Viviendas,VIVIENDAS,0,,,,
Tinajo,35029,2018,2018,Obra nueva,OBRA_NUEVA,Viviendas,VIVIENDAS,14,,,,
Tinajo,35029,2019,2019,Obra nueva,OBRA_NUEVA,Viviendas,VIVIENDAS,21,,,,
Yaiza,35034,2012,2012,Demolición,DEMOLICION,Viviendas,VIVIENDAS,0,,,,
Yaiza,35034,2013,2013,Demolición,DEMOLICION,Viviendas,VIVIENDAS,0,,,,
Yaiza,35034,2014,2014,Demolición,DEMOLICION,Viviendas,VIVIENDAS,0,,,,
Yaiza,35034,2015,2015,Demolición,DEMOLICION,Viviendas,VIVIENDAS,4,,,,
Yaiza,35034,2016,2016,Demolición,DEMOLICION,Viviendas,VIVIENDAS,1,,,,
Yaiza,35034,2017,2017,Demolición,DEMOLICION,Viviendas,VIVIENDAS,0,,,,
Yaiza,35034,2018,2018,Demolición,DEMOLICION,Viviendas,VIVIENDAS,0,,,,
Yaiza,35034,2019,2019,Demolición,DEMOLICION,Viviendas,VIVIENDAS,2,,,,
Yaiza,35034,2012,2012,Rehabilitación,REHABILITACION,Viviendas,VIVIENDAS,0,,,,
Yaiza,35034,2013,2013,Rehabilitación,REHABILITACION,Viviendas,VIVIENDAS,0,,,,
Yaiza,35034,2014,2014,Rehabilitación,REHABILITACION,Viviendas,VIVIENDAS,0,,,,
Yaiza,35034,2015,2015,Rehabilitación,REHABILITACION,Viviendas,VIVIENDAS,0,,,,
Yaiza,35034,2016,2016,Rehabilitación,REHABILITACION,Viviendas,VIVIENDAS,2,,,,
Yaiza,35034,2017,2017,Rehabilitación,REHABILITACION,Viviendas,VIVIENDAS,5,,,,
Yaiza,35034,2018,2018,Rehabilitación,REHABILITACION,Viviendas,VIVIENDAS,1,,,,
Yaiza,35034,2019,2019,Rehabilitación,REHABILITACION,Viviendas,VIVIENDAS,0,,,,
Yaiza,35034,2012,2012,Saldo de viviendas,SALDO_VIVIENDAS,Viviendas,VIVIENDAS,0,,,,
Yaiza,35034,2013,2013,Saldo de viviendas,SALDO_VIVIENDAS,Viviendas,VIVIENDAS,0,,,,
Yaiza,35034,2014,2014,Saldo de viviendas,SALDO_VIVIENDAS,Viviendas,VIVIENDAS,0,,,,
Yaiza,35034,2015,2015,Saldo de viviendas,SALDO_VIVIENDAS,Viviendas,VIVIENDAS,0,,,,
Yaiza,35034,2016,2016,Saldo de viviendas,SALDO_VIVIENDAS,Viviendas,VIVIENDAS,11,,,,
Yaiza,35034,2017,2017,Saldo de viviendas,SALDO_VIVIENDAS,Viviendas,VIVIENDAS,24,,,,
Yaiza,35034,2018,2018,Saldo de viviendas,SALDO_VIVIENDAS,Viviendas,VIVIENDAS,81,,,,
Yaiza,35034,2019,2019,Saldo de viviendas,SALDO_VIVIENDAS,Viviendas,VIVIENDAS,192,,,,
Yaiza,35034,2012,2012,Obra nueva,OBRA_NUEVA,Viviendas,VIVIENDAS,0,,,,
Yaiza,35034,2013,2013,Obra nueva,OBRA_NUEVA,Viviendas,VIVIENDAS,0,,,,
Yaiza,35034,2014,2014,Obra nueva,OBRA_NUEVA,Viviendas,VIVIENDAS,0,,,,
Yaiza,35034,2015,2015,Obra nueva,OBRA_NUEVA,Viviendas,VIVIENDAS,4,,,,
Yaiza,35034,2016,2016,Obra nueva,OBRA_NUEVA,Viviendas,VIVIENDAS,10,,,,
Yaiza,35034,2017,2017,Obra nueva,OBRA_NUEVA,Viviendas,VIVIENDAS,19,,,,
Yaiza,35034,2018,2018,Obra nueva,OBRA_NUEVA,Viviendas,VIVIENDAS,80,,,,
Yaiza,35034,2019,2019,Obra nueva,OBRA_NUEVA,Viviendas,VIVIENDAS,194,,,,
Antigua,35003,2012,2012,Demolición,DEMOLICION,Viviendas,VIVIENDAS,0,,,,
Antigua,35003,2013,2013,Demolición,DEMOLICION,Viviendas,VIVIENDAS,0,,,,
Antigua,35003,2014,2014,Demolición,DEMOLICION,Viviendas,VIVIENDAS,0,,,,
Antigua,35003,2015,2015,Demolición,DEMOLICION,Viviendas,VIVIENDAS,0,,,,
Antigua,35003,2016,2016,Demolición,DEMOLICION,Viviendas,VIVIENDAS,0,,,,
Antigua,35003,2017,2017,Demolición,DEMOLICION,Viviendas,VIVIENDAS,0,,,,
Antigua,35003,2018,2018,Demolición,DEMOLICION,Viviendas,VIVIENDAS,0,,,,
Antigua,35003,2019,2019,Demolición,DEMOLICION,Viviendas,VIVIENDAS,0,,,,
Antigua,35003,2012,2012,Rehabilitación,REHABILITACION,Viviendas,VIVIENDAS,0,,,,
Antigua,35003,2013,2013,Rehabilitación,REHABILITACION,Viviendas,VIVIENDAS,0,,,,
Antigua,35003,2014,2014,Rehabilitación,REHABILITACION,Viviendas,VIVIENDAS,0,,,,
Antigua,35003,2015,2015,Rehabilitación,REHABILITACION,Viviendas,VIVIENDAS,0,,,,
Antigua,35003,2016,2016,Rehabilitación,REHABILITACION,Viviendas,VIVIENDAS,9,,,,
Antigua,35003,2017,2017,Rehabilitación,REHABILITACION,Viviendas,VIVIENDAS,1,,,,
Antigua,35003,2018,2018,Rehabilitación,REHABILITACION,Viviendas,VIVIENDAS,0,,,,
Antigua,35003,2019,2019,Rehabilitación,REHABILITACION,Viviendas,VIVIENDAS,0,,,,
Antigua,35003,2012,2012,Saldo de viviendas,SALDO_VIVIENDAS,Viviendas,VIVIENDAS,0,,,,
Antigua,35003,2013,2013,Saldo de viviendas,SALDO_VIVIENDAS,Viviendas,VIVIENDAS,2,,,,
Antigua,35003,2014,2014,Saldo de viviendas,SALDO_VIVIENDAS,Viviendas,VIVIENDAS,0,,,,
Antigua,35003,2015,2015,Saldo de viviendas,SALDO_VIVIENDAS,Viviendas,VIVIENDAS,46,,,,
Antigua,35003,2016,2016,Saldo de viviendas,SALDO_VIVIENDAS,Viviendas,VIVIENDAS,14,,,,
Antigua,35003,2017,2017,Saldo de viviendas,SALDO_VIVIENDAS,Viviendas,VIVIENDAS,14,,,,
Antigua,35003,2018,2018,Saldo de viviendas,SALDO_VIVIENDAS,Viviendas,VIVIENDAS,127,,,,
Antigua,35003,2019,2019,Saldo de viviendas,SALDO_VIVIENDAS,Viviendas,VIVIENDAS,5,,,,
Antigua,35003,2012,2012,Obra nueva,OBRA_NUEVA,Viviendas,VIVIENDAS,0,,,,
Antigua,35003,2013,2013,Obra nueva,OBRA_NUEVA,Viviendas,VIVIENDAS,2,,,,
Antigua,35003,2014,2014,Obra nueva,OBRA_NUEVA,Viviendas,VIVIENDAS,0,,,,
Antigua,35003,2015,2015,Obra nueva,OBRA_NUEVA,Viviendas,VIVIENDAS,46,,,,
Antigua,35003,2016,2016,Obra nueva,OBRA_NUEVA,Viviendas,VIVIENDAS,5,,,,
Antigua,35003,2017,2017,Obra nueva,OBRA_NUEVA,Viviendas,VIVIENDAS,13,,,,
Antigua,35003,2018,2018,Obra nueva,OBRA_NUEVA,Viviendas,VIVIENDAS,127,,,,
Antigua,35003,2019,2019,Obra nueva,OBRA_NUEVA,Viviendas,VIVIENDAS,5,,,,
Betancuria,35007,2012,2012,Demolición,DEMOLICION,Viviendas,VIVIENDAS,0,,,,
Betancuria,35007,2013,2013,Demolición,DEMOLICION,Viviendas,VIVIENDAS,1,,,,
Betancuria,35007,2014,2014,Demolición,DEMOLICION,Viviendas,VIVIENDAS,0,,,,
Betancuria,35007,2015,2015,Demolición,DEMOLICION,Viviendas,VIVIENDAS,0,,,,
Betancuria,35007,2016,2016,Demolición,DEMOLICION,Viviendas,VIVIENDAS,0,,,,
Betancuria,35007,2017,2017,Demolición,DEMOLICION,Viviendas,VIVIENDAS,0,,,,
Betancuria,35007,2018,2018,Demolición,DEMOLICION,Viviendas,VIVIENDAS,0,,,,
Betancuria,35007,2019,2019,Demolición,DEMOLICION,Viviendas,VIVIENDAS,0,,,,
Betancuria,35007,2012,2012,Rehabilitación,REHABILITACION,Viviendas,VIVIENDAS,0,,,,
Betancuria,35007,2013,2013,Rehabilitación,REHABILITACION,Viviendas,VIVIENDAS,0,,,,
Betancuria,35007,2014,2014,Rehabilitación,REHABILITACION,Viviendas,VIVIENDAS,0,,,,
Betancuria,35007,2015,2015,Rehabilitación,REHABILITACION,Viviendas,VIVIENDAS,0,,,,
Betancuria,35007,2016,2016,Rehabilitación,REHABILITACION,Viviendas,VIVIENDAS,0,,,,
Betancuria,35007,2017,2017,Rehabilitación,REHABILITACION,Viviendas,VIVIENDAS,0,,,,
Betancuria,35007,2018,2018,Rehabilitación,REHABILITACION,Viviendas,VIVIENDAS,0,,,,
Betancuria,35007,2019,2019,Rehabilitación,REHABILITACION,Viviendas,VIVIENDAS,1,,,,
Betancuria,35007,2012,2012,Saldo de viviendas,SALDO_VIVIENDAS,Viviendas,VIVIENDAS,0,,,,
Betancuria,35007,2013,2013,Saldo de viviendas,SALDO_VIVIENDAS,Viviendas,VIVIENDAS,-1,,,,
Betancuria,35007,2014,2014,Saldo de viviendas,SALDO_VIVIENDAS,Viviendas,VIVIENDAS,0,,,,
Betancuria,35007,2015,2015,Saldo de viviendas,SALDO_VIVIENDAS,Viviendas,VIVIENDAS,2,,,,
Betancuria,35007,2016,2016,Saldo de viviendas,SALDO_VIVIENDAS,Viviendas,VIVIENDAS,0,,,,
Betancuria,35007,2017,2017,Saldo de viviendas,SALDO_VIVIENDAS,Viviendas,VIVIENDAS,0,,,,
Betancuria,35007,2018,2018,Saldo de viviendas,SALDO_VIVIENDAS,Viviendas,VIVIENDAS,0,,,,
Betancuria,35007,2019,2019,Saldo de viviendas,SALDO_VIVIENDAS,Viviendas,VIVIENDAS,2,,,,
Betancuria,35007,2012,2012,Obra nueva,OBRA_NUEVA,Viviendas,VIVIENDAS,0,,,,
Betancuria,35007,2013,2013,Obra nueva,OBRA_NUEVA,Viviendas,VIVIENDAS,0,,,,
Betancuria,35007,2014,2014,Obra nueva,OBRA_NUEVA,Viviendas,VIVIENDAS,0,,,,
Betancuria,35007,2015,2015,Obra nueva,OBRA_NUEVA,Viviendas,VIVIENDAS,2,,,,
Betancuria,35007,2016,2016,Obra nueva,OBRA_NUEVA,Viviendas,VIVIENDAS,0,,,,
Betancuria,35007,2017,2017,Obra nueva,OBRA_NUEVA,Viviendas,VIVIENDAS,0,,,,
Betancuria,35007,2018,2018,Obra nueva,OBRA_NUEVA,Viviendas,VIVIENDAS,0,,,,
Betancuria,35007,2019,2019,Obra nueva,OBRA_NUEVA,Viviendas,VIVIENDAS,1,,,,
La Oliva,35014,2012,2012,Demolición,DEMOLICION,Viviendas,VIVIENDAS,1,,,,
La Oliva,35014,2013,2013,Demolición,DEMOLICION,Viviendas,VIVIENDAS,0,,,,
La Oliva,35014,2014,2014,Demolición,DEMOLICION,Viviendas,VIVIENDAS,0,,,,
La Oliva,35014,2015,2015,Demolición,DEMOLICION,Viviendas,VIVIENDAS,3,,,,
La Oliva,35014,2016,2016,Demolición,DEMOLICION,Viviendas,VIVIENDAS,1,,,,
La Oliva,35014,2017,2017,Demolición,DEMOLICION,Viviendas,VIVIENDAS,3,,,,
La Oliva,35014,2018,2018,Demolición,DEMOLICION,Viviendas,VIVIENDAS,3,,,,
La Oliva,35014,2019,2019,Demolición,DEMOLICION,Viviendas,VIVIENDAS,0,,,,
La Oliva,35014,2012,2012,Rehabilitación,REHABILITACION,Viviendas,VIVIENDAS,7,,,,
La Oliva,35014,2013,2013,Rehabilitación,REHABILITACION,Viviendas,VIVIENDAS,7,,,,
La Oliva,35014,2014,2014,Rehabilitación,REHABILITACION,Viviendas,VIVIENDAS,0,,,,
La Oliva,35014,2015,2015,Rehabilitación,REHABILITACION,Viviendas,VIVIENDAS,18,,,,
La Oliva,35014,2016,2016,Rehabilitación,REHABILITACION,Viviendas,VIVIENDAS,7,,,,
La Oliva,35014,2017,2017,Rehabilitación,REHABILITACION,Viviendas,VIVIENDAS,7,,,,
La Oliva,35014,2018,2018,Rehabilitación,REHABILITACION,Viviendas,VIVIENDAS,163,,,,
La Oliva,35014,2019,2019,Rehabilitación,REHABILITACION,Viviendas,VIVIENDAS,11,,,,
La Oliva,35014,2012,2012,Saldo de viviendas,SALDO_VIVIENDAS,Viviendas,VIVIENDAS,25,,,,
La Oliva,35014,2013,2013,Saldo de viviendas,SALDO_VIVIENDAS,Viviendas,VIVIENDAS,21,,,,
La Oliva,35014,2014,2014,Saldo de viviendas,SALDO_VIVIENDAS,Viviendas,VIVIENDAS,18,,,,
La Oliva,35014,2015,2015,Saldo de viviendas,SALDO_VIVIENDAS,Viviendas,VIVIENDAS,93,,,,
La Oliva,35014,2016,2016,Saldo de viviendas,SALDO_VIVIENDAS,Viviendas,VIVIENDAS,171,,,,
La Oliva,35014,2017,2017,Saldo de viviendas,SALDO_VIVIENDAS,Viviendas,VIVIENDAS,47,,,,
La Oliva,35014,2018,2018,Saldo de viviendas,SALDO_VIVIENDAS,Viviendas,VIVIENDAS,370,,,,
La Oliva,35014,2019,2019,Saldo de viviendas,SALDO_VIVIENDAS,Viviendas,VIVIENDAS,167,,,,
La Oliva,35014,2012,2012,Obra nueva,OBRA_NUEVA,Viviendas,VIVIENDAS,19,,,,
La Oliva,35014,2013,2013,Obra nueva,OBRA_NUEVA,Viviendas,VIVIENDAS,14,,,,
La Oliva,35014,2014,2014,Obra nueva,OBRA_NUEVA,Viviendas,VIVIENDAS,18,,,,
La Oliva,35014,2015,2015,Obra nueva,OBRA_NUEVA,Viviendas,VIVIENDAS,78,,,,
La Oliva,35014,2016,2016,Obra nueva,OBRA_NUEVA,Viviendas,VIVIENDAS,165,,,,
La Oliva,35014,2017,2017,Obra nueva,OBRA_NUEVA,Viviendas,VIVIENDAS,43,,,,
La Oliva,35014,2018,2018,Obra nueva,OBRA_NUEVA,Viviendas,VIVIENDAS,210,,,,
La Oliva,35014,2019,2019,Obra nueva,OBRA_NUEVA,Viviendas,VIVIENDAS,156,,,,
Pájara,35015,2012,2012,Demolición,DEMOLICION,Viviendas,VIVIENDAS,0,,,,
Pájara,35015,2013,2013,Demolición,DEMOLICION,Viviendas,VIVIENDAS,0,,,,
Pájara,35015,2014,2014,Demolición,DEMOLICION,Viviendas,VIVIENDAS,0,,,,
Pájara,35015,2015,2015,Demolición,DEMOLICION,Viviendas,VIVIENDAS,0,,,,
Pájara,35015,2016,2016,Demolición,DEMOLICION,Viviendas,VIVIENDAS,0,,,,
Pájara,35015,2017,2017,Demolición,DEMOLICION,Viviendas,VIVIENDAS,0,,,,
Pájara,35015,2018,2018,Demolición,DEMOLICION,Viviendas,VIVIENDAS,0,,,,
Pájara,35015,2019,2019,Demolición,DEMOLICION,Viviendas,VIVIENDAS,0,,,,
Pájara,35015,2012,2012,Rehabilitación,REHABILITACION,Viviendas,VIVIENDAS,0,,,,
Pájara,35015,2013,2013,Rehabilitación,REHABILITACION,Viviendas,VIVIENDAS,0,,,,
Pájara,35015,2014,2014,Rehabilitación,REHABILITACION,Viviendas,VIVIENDAS,0,,,,
Pájara,35015,2015,2015,Rehabilitación,REHABILITACION,Viviendas,VIVIENDAS,0,,,,
Pájara,35015,2016,2016,Rehabilitación,REHABILITACION,Viviendas,VIVIENDAS,2,,,,
Pájara,35015,2017,2017,Rehabilitación,REHABILITACION,Viviendas,VIVIENDAS,0,,,,
Pájara,35015,2018,2018,Rehabilitación,REHABILITACION,Viviendas,VIVIENDAS,0,,,,
Pájara,35015,2019,2019,Rehabilitación,REHABILITACION,Viviendas,VIVIENDAS,0,,,,
Pájara,35015,2012,2012,Saldo de viviendas,SALDO_VIVIENDAS,Viviendas,VIVIENDAS,2,,,,
Pájara,35015,2013,2013,Saldo de viviendas,SALDO_VIVIENDAS,Viviendas,VIVIENDAS,2,,,,
Pájara,35015,2014,2014,Saldo de viviendas,SALDO_VIVIENDAS,Viviendas,VIVIENDAS,0,,,,
Pájara,35015,2015,2015,Saldo de viviendas,SALDO_VIVIENDAS,Viviendas,VIVIENDAS,6,,,,
Pájara,35015,2016,2016,Saldo de viviendas,SALDO_VIVIENDAS,Viviendas,VIVIENDAS,2,,,,
Pájara,35015,2017,2017,Saldo de viviendas,SALDO_VIVIENDAS,Viviendas,VIVIENDAS,0,,,,
Pájara,35015,2018,2018,Saldo de viviendas,SALDO_VIVIENDAS,Viviendas,VIVIENDAS,1,,,,
Pájara,35015,2019,2019,Saldo de viviendas,SALDO_VIVIENDAS,Viviendas,VIVIENDAS,0,,,,
Pájara,35015,2012,2012,Obra nueva,OBRA_NUEVA,Viviendas,VIVIENDAS,2,,,,
Pájara,35015,2013,2013,Obra nueva,OBRA_NUEVA,Viviendas,VIVIENDAS,2,,,,
Pájara,35015,2014,2014,Obra nueva,OBRA_NUEVA,Viviendas,VIVIENDAS,0,,,,
Pájara,35015,2015,2015,Obra nueva,OBRA_NUEVA,Viviendas,VIVIENDAS,6,,,,
Pájara,35015,2016,2016,Obra nueva,OBRA_NUEVA,Viviendas,VIVIENDAS,0,,,,
Pájara,35015,2017,2017,Obra nueva,OBRA_NUEVA,Viviendas,VIVIENDAS,0,,,,
Pájara,35015,2018,2018,Obra nueva,OBRA_NUEVA,Viviendas,VIVIENDAS,1,,,,
Pájara,35015,2019,2019,Obra nueva,OBRA_NUEVA,Viviendas,VIVIENDAS,0,,,,
Puerto del Rosario,35017,2012,2012,Demolición,DEMOLICION,Viviendas,VIVIENDAS,1,,,,
Puerto del Rosario,35017,2013,2013,Demolición,DEMOLICION,Viviendas,VIVIENDAS,1,,,,
Puerto del Rosario,35017,2014,2014,Demolición,DEMOLICION,Viviendas,VIVIENDAS,3,,,,
Puerto del Rosario,35017,2015,2015,Demolición,DEMOLICION,Viviendas,VIVIENDAS,5,,,,
Puerto del Rosario,35017,2016,2016,Demolición,DEMOLICION,Viviendas,VIVIENDAS,0,,,,
Puerto del Rosario,35017,2017,2017,Demolición,DEMOLICION,Viviendas,VIVIENDAS,0,,,,
Puerto del Rosario,35017,2018,2018,Demolición,DEMOLICION,Viviendas,VIVIENDAS,1,,,,
Puerto del Rosario,35017,2019,2019,Demolición,DEMOLICION,Viviendas,VIVIENDAS,0,,,,
Puerto del Rosario,35017,2012,2012,Rehabilitación,REHABILITACION,Viviendas,VIVIENDAS,1,,,,
Puerto del Rosario,35017,2013,2013,Rehabilitación,REHABILITACION,Viviendas,VIVIENDAS,2,,,,
Puerto del Rosario,35017,2014,2014,Rehabilitación,REHABILITACION,Viviendas,VIVIENDAS,1,,,,
Puerto del Rosario,35017,2015,2015,Rehabilitación,REHABILITACION,Viviendas,VIVIENDAS,2,,,,
Puerto del Rosario,35017,2016,2016,Rehabilitación,REHABILITACION,Viviendas,VIVIENDAS,1,,,,
Puerto del Rosario,35017,2017,2017,Rehabilitación,REHABILITACION,Viviendas,VIVIENDAS,4,,,,
Puerto del Rosario,35017,2018,2018,Rehabilitación,REHABILITACION,Viviendas,VIVIENDAS,10,,,,
Puerto del Rosario,35017,2019,2019,Rehabilitación,REHABILITACION,Viviendas,VIVIENDAS,0,,,,
Puerto del Rosario,35017,2012,2012,Saldo de viviendas,SALDO_VIVIENDAS,Viviendas,VIVIENDAS,6,,,,
Puerto del Rosario,35017,2013,2013,Saldo de viviendas,SALDO_VIVIENDAS,Viviendas,VIVIENDAS,24,,,,
Puerto del Rosario,35017,2014,2014,Saldo de viviendas,SALDO_VIVIENDAS,Viviendas,VIVIENDAS,4,,,,
Puerto del Rosario,35017,2015,2015,Saldo de viviendas,SALDO_VIVIENDAS,Viviendas,VIVIENDAS,7,,,,
Puerto del Rosario,35017,2016,2016,Saldo de viviendas,SALDO_VIVIENDAS,Viviendas,VIVIENDAS,21,,,,
Puerto del Rosario,35017,2017,2017,Saldo de viviendas,SALDO_VIVIENDAS,Viviendas,VIVIENDAS,10,,,,
Puerto del Rosario,35017,2018,2018,Saldo de viviendas,SALDO_VIVIENDAS,Viviendas,VIVIENDAS,29,,,,
Puerto del Rosario,35017,2019,2019,Saldo de viviendas,SALDO_VIVIENDAS,Viviendas,VIVIENDAS,5,,,,
Puerto del Rosario,35017,2012,2012,Obra nueva,OBRA_NUEVA,Viviendas,VIVIENDAS,6,,,,
Puerto del Rosario,35017,2013,2013,Obra nueva,OBRA_NUEVA,Viviendas,VIVIENDAS,23,,,,
Puerto del Rosario,35017,2014,2014,Obra nueva,OBRA_NUEVA,Viviendas,VIVIENDAS,6,,,,
Puerto del Rosario,35017,2015,2015,Obra nueva,OBRA_NUEVA,Viviendas,VIVIENDAS,10,,,,
Puerto del Rosario,35017,2016,2016,Obra nueva,OBRA_NUEVA,Viviendas,VIVIENDAS,20,,,,
Puerto del Rosario,35017,2017,2017,Obra nueva,OBRA_NUEVA,Viviendas,VIVIENDAS,6,,,,
Puerto del Rosario,35017,2018,2018,Obra nueva,OBRA_NUEVA,Viviendas,VIVIENDAS,20,,,,
Puerto del Rosario,35017,2019,2019,Obra nueva,OBRA_NUEVA,Viviendas,VIVIENDAS,5,,,,
Tuineje,35030,2012,2012,Demolición,DEMOLICION,Viviendas,VIVIENDAS,0,,,,
Tuineje,35030,2013,2013,Demolición,DEMOLICION,Viviendas,VIVIENDAS,0,,,,
Tuineje,35030,2014,2014,Demolición,DEMOLICION,Viviendas,VIVIENDAS,0,,,,
Tuineje,35030,2015,2015,Demolición,DEMOLICION,Viviendas,VIVIENDAS,0,,,,
Tuineje,35030,2016,2016,Demolición,DEMOLICION,Viviendas,VIVIENDAS,0,,,,
Tuineje,35030,2017,2017,Demolición,DEMOLICION,Viviendas,VIVIENDAS,0,,,,
Tuineje,35030,2018,2018,Demolición,DEMOLICION,Viviendas,VIVIENDAS,0,,,,
Tuineje,35030,2019,2019,Demolición,DEMOLICION,Viviendas,VIVIENDAS,1,,,,
Tuineje,35030,2012,2012,Rehabilitación,REHABILITACION,Viviendas,VIVIENDAS,3,,,,
Tuineje,35030,2013,2013,Rehabilitación,REHABILITACION,Viviendas,VIVIENDAS,0,,,,
Tuineje,35030,2014,2014,Rehabilitación,REHABILITACION,Viviendas,VIVIENDAS,0,,,,
Tuineje,35030,2015,2015,Rehabilitación,REHABILITACION,Viviendas,VIVIENDAS,1,,,,
Tuineje,35030,2016,2016,Rehabilitación,REHABILITACION,Viviendas,VIVIENDAS,0,,,,
Tuineje,35030,2017,2017,Rehabilitación,REHABILITACION,Viviendas,VIVIENDAS,3,,,,
Tuineje,35030,2018,2018,Rehabilitación,REHABILITACION,Viviendas,VIVIENDAS,20,,,,
Tuineje,35030,2019,2019,Rehabilitación,REHABILITACION,Viviendas,VIVIENDAS,4,,,,
Tuineje,35030,2012,2012,Saldo de viviendas,SALDO_VIVIENDAS,Viviendas,VIVIENDAS,9,,,,
Tuineje,35030,2013,2013,Saldo de viviendas,SALDO_VIVIENDAS,Viviendas,VIVIENDAS,11,,,,
Tuineje,35030,2014,2014,Saldo de viviendas,SALDO_VIVIENDAS,Viviendas,VIVIENDAS,4,,,,
Tuineje,35030,2015,2015,Saldo de viviendas,SALDO_VIVIENDAS,Viviendas,VIVIENDAS,6,,,,
Tuineje,35030,2016,2016,Saldo de viviendas,SALDO_VIVIENDAS,Viviendas,VIVIENDAS,6,,,,
Tuineje,35030,2017,2017,Saldo de viviendas,SALDO_VIVIENDAS,Viviendas,VIVIENDAS,9,,,,
Tuineje,35030,2018,2018,Saldo de viviendas,SALDO_VIVIENDAS,Viviendas,VIVIENDAS,30,,,,
Tuineje,35030,2019,2019,Saldo de viviendas,SALDO_VIVIENDAS,Viviendas,VIVIENDAS,30,,,,
Tuineje,35030,2012,2012,Obra nueva,OBRA_NUEVA,Viviendas,VIVIENDAS,6,,,,
Tuineje,35030,2013,2013,Obra nueva,OBRA_NUEVA,Viviendas,VIVIENDAS,11,,,,
Tuineje,35030,2014,2014,Obra nueva,OBRA_NUEVA,Viviendas,VIVIENDAS,4,,,,
Tuineje,35030,2015,2015,Obra nueva,OBRA_NUEVA,Viviendas,VIVIENDAS,5,,,,
Tuineje,35030,2016,2016,Obra nueva,OBRA_NUEVA,Viviendas,VIVIENDAS,6,,,,
Tuineje,35030,2017,2017,Obra nueva,OBRA_NUEVA,Viviendas,VIVIENDAS,6,,,,
Tuineje,35030,2018,2018,Obra nueva,OBRA_NUEVA,Viviendas,VIVIENDAS,10,,,,
Tuineje,35030,2019,2019,Obra nueva,OBRA_NUEVA,Viviendas,VIVIENDAS,27,,,,
Agaete,35001,2012,2012,Demolición,DEMOLICION,Viviendas,VIVIENDAS,0,,,,
Agaete,35001,2013,2013,Demolición,DEMOLICION,Viviendas,VIVIENDAS,0,,,,
Agaete,35001,2014,2014,Demolición,DEMOLICION,Viviendas,VIVIENDAS,0,,,,
Agaete,35001,2015,2015,Demolición,DEMOLICION,Viviendas,VIVIENDAS,0,,,,
Agaete,35001,2016,2016,Demolición,DEMOLICION,Viviendas,VIVIENDAS,0,,,,
Agaete,35001,2017,2017,Demolición,DEMOLICION,Viviendas,VIVIENDAS,0,,,,
Agaete,35001,2018,2018,Demolición,DEMOLICION,Viviendas,VIVIENDAS,0,,,,
Agaete,35001,2019,2019,Demolición,DEMOLICION,Viviendas,VIVIENDAS,0,,,,
Agaete,35001,2012,2012,Rehabilitación,REHABILITACION,Viviendas,VIVIENDAS,0,,,,
Agaete,35001,2013,2013,Rehabilitación,REHABILITACION,Viviendas,VIVIENDAS,0,,,,
Agaete,35001,2014,2014,Rehabilitación,REHABILITACION,Viviendas,VIVIENDAS,0,,,,
Agaete,35001,2015,2015,Rehabilitación,REHABILITACION,Viviendas,VIVIENDAS,0,,,,
Agaete,35001,2016,2016,Rehabilitación,REHABILITACION,Viviendas,VIVIENDAS,0,,,,
Agaete,35001,2017,2017,Rehabilitación,REHABILITACION,Viviendas,VIVIENDAS,0,,,,
Agaete,35001,2018,2018,Rehabilitación,REHABILITACION,Viviendas,VIVIENDAS,0,,,,
Agaete,35001,2019,2019,Rehabilitación,REHABILITACION,Viviendas,VIVIENDAS,1,,,,
Agaete,35001,2012,2012,Saldo de viviendas,SALDO_VIVIENDAS,Viviendas,VIVIENDAS,3,,,,
Agaete,35001,2013,2013,Saldo de viviendas,SALDO_VIVIENDAS,Viviendas,VIVIENDAS,0,,,,
Agaete,35001,2014,2014,Saldo de viviendas,SALDO_VIVIENDAS,Viviendas,VIVIENDAS,0,,,,
Agaete,35001,2015,2015,Saldo de viviendas,SALDO_VIVIENDAS,Viviendas,VIVIENDAS,0,,,,
Agaete,35001,2016,2016,Saldo de viviendas,SALDO_VIVIENDAS,Viviendas,VIVIENDAS,0,,,,
Agaete,35001,2017,2017,Saldo de viviendas,SALDO_VIVIENDAS,Viviendas,VIVIENDAS,0,,,,
Agaete,35001,2018,2018,Saldo de viviendas,SALDO_VIVIENDAS,Viviendas,VIVIENDAS,1,,,,
Agaete,35001,2019,2019,Saldo de viviendas,SALDO_VIVIENDAS,Viviendas,VIVIENDAS,49,,,,
Agaete,35001,2012,2012,Obra nueva,OBRA_NUEVA,Viviendas,VIVIENDAS,3,,,,
Agaete,35001,2013,2013,Obra nueva,OBRA_NUEVA,Viviendas,VIVIENDAS,0,,,,
Agaete,35001,2014,2014,Obra nueva,OBRA_NUEVA,Viviendas,VIVIENDAS,0,,,,
Agaete,35001,2015,2015,Obra nueva,OBRA_NUEVA,Viviendas,VIVIENDAS,0,,,,
Agaete,35001,2016,2016,Obra nueva,OBRA_NUEVA,Viviendas,VIVIENDAS,0,,,,
Agaete,35001,2017,2017,Obra nueva,OBRA_NUEVA,Viviendas,VIVIENDAS,0,,,,
Agaete,35001,2018,2018,Obra nueva,OBRA_NUEVA,Viviendas,VIVIENDAS,1,,,,
Agaete,35001,2019,2019,Obra nueva,OBRA_NUEVA,Viviendas,VIVIENDAS,48,,,,
Agüimes,35002,2012,2012,Demolición,DEMOLICION,Viviendas,VIVIENDAS,0,,,,
Agüimes,35002,2013,2013,Demolición,DEMOLICION,Viviendas,VIVIENDAS,1,,,,
Agüimes,35002,2014,2014,Demolición,DEMOLICION,Viviendas,VIVIENDAS,1,,,,
Agüimes,35002,2015,2015,Demolición,DEMOLICION,Viviendas,VIVIENDAS,1,,,,
Agüimes,35002,2016,2016,Demolición,DEMOLICION,Viviendas,VIVIENDAS,2,,,,
Agüimes,35002,2017,2017,Demolición,DEMOLICION,Viviendas,VIVIENDAS,2,,,,
Agüimes,35002,2018,2018,Demolición,DEMOLICION,Viviendas,VIVIENDAS,1,,,,
Agüimes,35002,2019,2019,Demolición,DEMOLICION,Viviendas,VIVIENDAS,5,,,,
Agüimes,35002,2012,2012,Rehabilitación,REHABILITACION,Viviendas,VIVIENDAS,3,,,,
Agüimes,35002,2013,2013,Rehabilitación,REHABILITACION,Viviendas,VIVIENDAS,4,,,,
Agüimes,35002,2014,2014,Rehabilitación,REHABILITACION,Viviendas,VIVIENDAS,4,,,,
Agüimes,35002,2015,2015,Rehabilitación,REHABILITACION,Viviendas,VIVIENDAS,0,,,,
Agüimes,35002,2016,2016,Rehabilitación,REHABILITACION,Viviendas,VIVIENDAS,7,,,,
Agüimes,35002,2017,2017,Rehabilitación,REHABILITACION,Viviendas,VIVIENDAS,12,,,,
Agüimes,35002,2018,2018,Rehabilitación,REHABILITACION,Viviendas,VIVIENDAS,8,,,,
Agüimes,35002,2019,2019,Rehabilitación,REHABILITACION,Viviendas,VIVIENDAS,15,,,,
Agüimes,35002,2012,2012,Saldo de viviendas,SALDO_VIVIENDAS,Viviendas,VIVIENDAS,18,,,,
Agüimes,35002,2013,2013,Saldo de viviendas,SALDO_VIVIENDAS,Viviendas,VIVIENDAS,10,,,,
Agüimes,35002,2014,2014,Saldo de viviendas,SALDO_VIVIENDAS,Viviendas,VIVIENDAS,17,,,,
Agüimes,35002,2015,2015,Saldo de viviendas,SALDO_VIVIENDAS,Viviendas,VIVIENDAS,5,,,,
Agüimes,35002,2016,2016,Saldo de viviendas,SALDO_VIVIENDAS,Viviendas,VIVIENDAS,20,,,,
Agüimes,35002,2017,2017,Saldo de viviendas,SALDO_VIVIENDAS,Viviendas,VIVIENDAS,32,,,,
Agüimes,35002,2018,2018,Saldo de viviendas,SALDO_VIVIENDAS,Viviendas,VIVIENDAS,45,,,,
Agüimes,35002,2019,2019,Saldo de viviendas,SALDO_VIVIENDAS,Viviendas,VIVIENDAS,70,,,,
Agüimes,35002,2012,2012,Obra nueva,OBRA_NUEVA,Viviendas,VIVIENDAS,15,,,,
Agüimes,35002,2013,2013,Obra nueva,OBRA_NUEVA,Viviendas,VIVIENDAS,7,,,,
Agüimes,35002,2014,2014,Obra nueva,OBRA_NUEVA,Viviendas,VIVIENDAS,14,,,,
Agüimes,35002,2015,2015,Obra nueva,OBRA_NUEVA,Viviendas,VIVIENDAS,6,,,,
Agüimes,35002,2016,2016,Obra nueva,OBRA_NUEVA,Viviendas,VIVIENDAS,15,,,,
Agüimes,35002,2017,2017,Obra nueva,OBRA_NUEVA,Viviendas,VIVIENDAS,22,,,,
Agüimes,35002,2018,2018,Obra nueva,OBRA_NUEVA,Viviendas,VIVIENDAS,38,,,,
Agüimes,35002,2019,2019,Obra nueva,OBRA_NUEVA,Viviendas,VIVIENDAS,60,,,,
Artenara,35005,2012,2012,Demolición,DEMOLICION,Viviendas,VIVIENDAS,0,,,,
Artenara,35005,2013,2013,Demolición,DEMOLICION,Viviendas,VIVIENDAS,0,,,,
Artenara,35005,2014,2014,Demolición,DEMOLICION,Viviendas,VIVIENDAS,0,,,,
Artenara,35005,2015,2015,Demolición,DEMOLICION,Viviendas,VIVIENDAS,0,,,,
Artenara,35005,2016,2016,Demolición,DEMOLICION,Viviendas,VIVIENDAS,1,,,,
Artenara,35005,2017,2017,Demolición,DEMOLICION,Viviendas,VIVIENDAS,0,,,,
Artenara,35005,2018,2018,Demolición,DEMOLICION,Viviendas,VIVIENDAS,1,,,,
Artenara,35005,2019,2019,Demolición,DEMOLICION,Viviendas,VIVIENDAS,0,,,,
Artenara,35005,2012,2012,Rehabilitación,REHABILITACION,Viviendas,VIVIENDAS,2,,,,
Artenara,35005,2013,2013,Rehabilitación,REHABILITACION,Viviendas,VIVIENDAS,0,,,,
Artenara,35005,2014,2014,Rehabilitación,REHABILITACION,Viviendas,VIVIENDAS,3,,,,
Artenara,35005,2015,2015,Rehabilitación,REHABILITACION,Viviendas,VIVIENDAS,1,,,,
Artenara,35005,2016,2016,Rehabilitación,REHABILITACION,Viviendas,VIVIENDAS,1,,,,
Artenara,35005,2017,2017,Rehabilitación,REHABILITACION,Viviendas,VIVIENDAS,0,,,,
Artenara,35005,2018,2018,Rehabilitación,REHABILITACION,Viviendas,VIVIENDAS,0,,,,
Artenara,35005,2019,2019,Rehabilitación,REHABILITACION,Viviendas,VIVIENDAS,0,,,,
Artenara,35005,2012,2012,Saldo de viviendas,SALDO_VIVIENDAS,Viviendas,VIVIENDAS,2,,,,
Artenara,35005,2013,2013,Saldo de viviendas,SALDO_VIVIENDAS,Viviendas,VIVIENDAS,2,,,,
Artenara,35005,2014,2014,Saldo de viviendas,SALDO_VIVIENDAS,Viviendas,VIVIENDAS,3,,,,
Artenara,35005,2015,2015,Saldo de viviendas,SALDO_VIVIENDAS,Viviendas,VIVIENDAS,3,,,,
Artenara,35005,2016,2016,Saldo de viviendas,SALDO_VIVIENDAS,Viviendas,VIVIENDAS,2,,,,
Artenara,35005,2017,2017,Saldo de viviendas,SALDO_VIVIENDAS,Viviendas,VIVIENDAS,0,,,,
Artenara,35005,2018,2018,Saldo de viviendas,SALDO_VIVIENDAS,Viviendas,VIVIENDAS,1,,,,
Artenara,35005,2019,2019,Saldo de viviendas,SALDO_VIVIENDAS,Viviendas,VIVIENDAS,0,,,,
Artenara,35005,2012,2012,Obra nueva,OBRA_NUEVA,Viviendas,VIVIENDAS,0,,,,
Artenara,35005,2013,2013,Obra nueva,OBRA_NUEVA,Viviendas,VIVIENDAS,2,,,,
Artenara,35005,2014,2014,Obra nueva,OBRA_NUEVA,Viviendas,VIVIENDAS,0,,,,
Artenara,35005,2015,2015,Obra nueva,OBRA_NUEVA,Viviendas,VIVIENDAS,2,,,,
Artenara,35005,2016,2016,Obra nueva,OBRA_NUEVA,Viviendas,VIVIENDAS,2,,,,
Artenara,35005,2017,2017,Obra nueva,OBRA_NUEVA,Viviendas,VIVIENDAS,0,,,,
Artenara,35005,2018,2018,Obra nueva,OBRA_NUEVA,Viviendas,VIVIENDAS,2,,,,
Artenara,35005,2019,2019,Obra nueva,OBRA_NUEVA,Viviendas,VIVIENDAS,0,,,,
Arucas,35006,2012,2012,Demolición,DEMOLICION,Viviendas,VIVIENDAS,0,,,,
Arucas,35006,2013,2013,Demolición,DEMOLICION,Viviendas,VIVIENDAS,0,,,,
Arucas,35006,2014,2014,Demolición,DEMOLICION,Viviendas,VIVIENDAS,1,,,,
Arucas,35006,2015,2015,Demolición,DEMOLICION,Viviendas,VIVIENDAS,0,,,,
Arucas,35006,2016,2016,Demolición,DEMOLICION,Viviendas,VIVIENDAS,1,,,,
Arucas,35006,2017,2017,Demolición,DEMOLICION,Viviendas,VIVIENDAS,0,,,,
Arucas,35006,2018,2018,Demolición,DEMOLICION,Viviendas,VIVIENDAS,1,,,,
Arucas,35006,2019,2019,Demolición,DEMOLICION,Viviendas,VIVIENDAS,0,,,,
Arucas,35006,2012,2012,Rehabilitación,REHABILITACION,Viviendas,VIVIENDAS,4,,,,
Arucas,35006,2013,2013,Rehabilitación,REHABILITACION,Viviendas,VIVIENDAS,1,,,,
Arucas,35006,2014,2014,Rehabilitación,REHABILITACION,Viviendas,VIVIENDAS,1,,,,
Arucas,35006,2015,2015,Rehabilitación,REHABILITACION,Viviendas,VIVIENDAS,5,,,,
Arucas,35006,2016,2016,Rehabilitación,REHABILITACION,Viviendas,VIVIENDAS,3,,,,
Arucas,35006,2017,2017,Rehabilitación,REHABILITACION,Viviendas,VIVIENDAS,0,,,,
Arucas,35006,2018,2018,Rehabilitación,REHABILITACION,Viviendas,VIVIENDAS,7,,,,
Arucas,35006,2019,2019,Rehabilitación,REHABILITACION,Viviendas,VIVIENDAS,11,,,,
Arucas,35006,2012,2012,Saldo de viviendas,SALDO_VIVIENDAS,Viviendas,VIVIENDAS,24,,,,
Arucas,35006,2013,2013,Saldo de viviendas,SALDO_VIVIENDAS,Viviendas,VIVIENDAS,5,,,,
Arucas,35006,2014,2014,Saldo de viviendas,SALDO_VIVIENDAS,Viviendas,VIVIENDAS,4,,,,
Arucas,35006,2015,2015,Saldo de viviendas,SALDO_VIVIENDAS,Viviendas,VIVIENDAS,5,,,,
Arucas,35006,2016,2016,Saldo de viviendas,SALDO_VIVIENDAS,Viviendas,VIVIENDAS,7,,,,
Arucas,35006,2017,2017,Saldo de viviendas,SALDO_VIVIENDAS,Viviendas,VIVIENDAS,5,,,,
Arucas,35006,2018,2018,Saldo de viviendas,SALDO_VIVIENDAS,Viviendas,VIVIENDAS,15,,,,
Arucas,35006,2019,2019,Saldo de viviendas,SALDO_VIVIENDAS,Viviendas,VIVIENDAS,20,,,,
Arucas,35006,2012,2012,Obra nueva,OBRA_NUEVA,Viviendas,VIVIENDAS,20,,,,
Arucas,35006,2013,2013,Obra nueva,OBRA_NUEVA,Viviendas,VIVIENDAS,4,,,,
Arucas,35006,2014,2014,Obra nueva,OBRA_NUEVA,Viviendas,VIVIENDAS,4,,,,
Arucas,35006,2015,2015,Obra nueva,OBRA_NUEVA,Viviendas,VIVIENDAS,0,,,,
Arucas,35006,2016,2016,Obra nueva,OBRA_NUEVA,Viviendas,VIVIENDAS,5,,,,
Arucas,35006,2017,2017,Obra nueva,OBRA_NUEVA,Viviendas,VIVIENDAS,5,,,,
Arucas,35006,2018,2018,Obra nueva,OBRA_NUEVA,Viviendas,VIVIENDAS,9,,,,
Arucas,35006,2019,2019,Obra nueva,OBRA_NUEVA,Viviendas,VIVIENDAS,9,,,,
Firgas,35008,2012,2012,Demolición,DEMOLICION,Viviendas,VIVIENDAS,0,,,,
Firgas,35008,2013,2013,Demolición,DEMOLICION,Viviendas,VIVIENDAS,0,,,,
Firgas,35008,2014,2014,Demolición,DEMOLICION,Viviendas,VIVIENDAS,0,,,,
Firgas,35008,2015,2015,Demolición,DEMOLICION,Viviendas,VIVIENDAS,0,,,,
Firgas,35008,2016,2016,Demolición,DEMOLICION,Viviendas,VIVIENDAS,0,,,,
Firgas,35008,2017,2017,Demolición,DEMOLICION,Viviendas,VIVIENDAS,0,,,,
Firgas,35008,2018,2018,Demolición,DEMOLICION,Viviendas,VIVIENDAS,0,,,,
Firgas,35008,2019,2019,Demolición,DEMOLICION,Viviendas,VIVIENDAS,0,,,,
Firgas,35008,2012,2012,Rehabilitación,REHABILITACION,Viviendas,VIVIENDAS,0,,,,
Firgas,35008,2013,2013,Rehabilitación,REHABILITACION,Viviendas,VIVIENDAS,0,,,,
Firgas,35008,2014,2014,Rehabilitación,REHABILITACION,Viviendas,VIVIENDAS,0,,,,
Firgas,35008,2015,2015,Rehabilitación,REHABILITACION,Viviendas,VIVIENDAS,2,,,,
Firgas,35008,2016,2016,Rehabilitación,REHABILITACION,Viviendas,VIVIENDAS,0,,,,
Firgas,35008,2017,2017,Rehabilitación,REHABILITACION,Viviendas,VIVIENDAS,0,,,,
Firgas,35008,2018,2018,Rehabilitación,REHABILITACION,Viviendas,VIVIENDAS,0,,,,
Firgas,35008,2019,2019,Rehabilitación,REHABILITACION,Viviendas,VIVIENDAS,1,,,,
Firgas,35008,2012,2012,Saldo de viviendas,SALDO_VIVIENDAS,Viviendas,VIVIENDAS,1,,,,
Firgas,35008,2013,2013,Saldo de viviendas,SALDO_VIVIENDAS,Viviendas,VIVIENDAS,2,,,,
Firgas,35008,2014,2014,Saldo de viviendas,SALDO_VIVIENDAS,Viviendas,VIVIENDAS,1,,,,
Firgas,35008,2015,2015,Saldo de viviendas,SALDO_VIVIENDAS,Viviendas,VIVIENDAS,4,,,,
Firgas,35008,2016,2016,Saldo de viviendas,SALDO_VIVIENDAS,Viviendas,VIVIENDAS,3,,,,
Firgas,35008,2017,2017,Saldo de viviendas,SALDO_VIVIENDAS,Viviendas,VIVIENDAS,2,,,,
Firgas,35008,2018,2018,Saldo de viviendas,SALDO_VIVIENDAS,Viviendas,VIVIENDAS,3,,,,
Firgas,35008,2019,2019,Saldo de viviendas,SALDO_VIVIENDAS,Viviendas,VIVIENDAS,3,,,,
Firgas,35008,2012,2012,Obra nueva,OBRA_NUEVA,Viviendas,VIVIENDAS,1,,,,
Firgas,35008,2013,2013,Obra nueva,OBRA_NUEVA,Viviendas,VIVIENDAS,2,,,,
Firgas,35008,2014,2014,Obra nueva,OBRA_NUEVA,Viviendas,VIVIENDAS,1,,,,
Firgas,35008,2015,2015,Obra nueva,OBRA_NUEVA,Viviendas,VIVIENDAS,2,,,,
Firgas,35008,2016,2016,Obra nueva,OBRA_NUEVA,Viviendas,VIVIENDAS,3,,,,
Firgas,35008,2017,2017,Obra nueva,OBRA_NUEVA,Viviendas,VIVIENDAS,2,,,,
Firgas,35008,2018,2018,Obra nueva,OBRA_NUEVA,Viviendas,VIVIENDAS,3,,,,
Firgas,35008,2019,2019,Obra nueva,OBRA_NUEVA,Viviendas,VIVIENDAS,2,,,,
Gáldar,35009,2012,2012,Demolición,DEMOLICION,Viviendas,VIVIENDAS,0,,,,
Gáldar,35009,2013,2013,Demolición,DEMOLICION,Viviendas,VIVIENDAS,0,,,,
Gáldar,35009,2014,2014,Demolición,DEMOLICION,Viviendas,VIVIENDAS,0,,,,
Gáldar,35009,2015,2015,Demolición,DEMOLICION,Viviendas,VIVIENDAS,0,,,,
Gáldar,35009,2016,2016,Demolición,DEMOLICION,Viviendas,VIVIENDAS,0,,,,
Gáldar,35009,2017,2017,Demolición,DEMOLICION,Viviendas,VIVIENDAS,0,,,,
Gáldar,35009,2018,2018,Demolición,DEMOLICION,Viviendas,VIVIENDAS,0,,,,
Gáldar,35009,2019,2019,Demolición,DEMOLICION,Viviendas,VIVIENDAS,1,,,,
Gáldar,35009,2012,2012,Rehabilitación,REHABILITACION,Viviendas,VIVIENDAS,0,,,,
Gáldar,35009,2013,2013,Rehabilitación,REHABILITACION,Viviendas,VIVIENDAS,0,,,,
Gáldar,35009,2014,2014,Rehabilitación,REHABILITACION,Viviendas,VIVIENDAS,1,,,,
Gáldar,35009,2015,2015,Rehabilitación,REHABILITACION,Viviendas,VIVIENDAS,1,,,,
Gáldar,35009,2016,2016,Rehabilitación,REHABILITACION,Viviendas,VIVIENDAS,0,,,,
Gáldar,35009,2017,2017,Rehabilitación,REHABILITACION,Viviendas,VIVIENDAS,1,,,,
Gáldar,35009,2018,2018,Rehabilitación,REHABILITACION,Viviendas,VIVIENDAS,0,,,,
Gáldar,35009,2019,2019,Rehabilitación,REHABILITACION,Viviendas,VIVIENDAS,7,,,,
Gáldar,35009,2012,2012,Saldo de viviendas,SALDO_VIVIENDAS,Viviendas,VIVIENDAS,3,,,,
Gáldar,35009,2013,2013,Saldo de viviendas,SALDO_VIVIENDAS,Viviendas,VIVIENDAS,2,,,,
Gáldar,35009,2014,2014,Saldo de viviendas,SALDO_VIVIENDAS,Viviendas,VIVIENDAS,3,,,,
Gáldar,35009,2015,2015,Saldo de viviendas,SALDO_VIVIENDAS,Viviendas,VIVIENDAS,4,,,,
Gáldar,35009,2016,2016,Saldo de viviendas,SALDO_VIVIENDAS,Viviendas,VIVIENDAS,1,,,,
Gáldar,35009,2017,2017,Saldo de viviendas,SALDO_VIVIENDAS,Viviendas,VIVIENDAS,4,,,,
Gáldar,35009,2018,2018,Saldo de viviendas,SALDO_VIVIENDAS,Viviendas,VIVIENDAS,2,,,,
Gáldar,35009,2019,2019,Saldo de viviendas,SALDO_VIVIENDAS,Viviendas,VIVIENDAS,55,,,,
Gáldar,35009,2012,2012,Obra nueva,OBRA_NUEVA,Viviendas,VIVIENDAS,3,,,,
Gáldar,35009,2013,2013,Obra nueva,OBRA_NUEVA,Viviendas,VIVIENDAS,2,,,,
Gáldar,35009,2014,2014,Obra nueva,OBRA_NUEVA,Viviendas,VIVIENDAS,2,,,,
Gáldar,35009,2015,2015,Obra nueva,OBRA_NUEVA,Viviendas,VIVIENDAS,3,,,,
Gáldar,35009,2016,2016,Obra nueva,OBRA_NUEVA,Viviendas,VIVIENDAS,1,,,,
Gáldar,35009,2017,2017,Obra nueva,OBRA_NUEVA,Viviendas,VIVIENDAS,3,,,,
Gáldar,35009,2018,2018,Obra nueva,OBRA_NUEVA,Viviendas,VIVIENDAS,2,,,,
Gáldar,35009,2019,2019,Obra nueva,OBRA_NUEVA,Viviendas,VIVIENDAS,49,,,,
Ingenio,35011,2012,2012,Demolición,DEMOLICION,Viviendas,VIVIENDAS,0,,,,
Ingenio,35011,2013,2013,Demolición,DEMOLICION,Viviendas,VIVIENDAS,0,,,,
Ingenio,35011,2014,2014,Demolición,DEMOLICION,Viviendas,VIVIENDAS,1,,,,
Ingenio,35011,2015,2015,Demolición,DEMOLICION,Viviendas,VIVIENDAS,0,,,,
Ingenio,35011,2016,2016,Demolición,DEMOLICION,Viviendas,VIVIENDAS,2,,,,
Ingenio,35011,2017,2017,Demolición,DEMOLICION,Viviendas,VIVIENDAS,1,,,,
Ingenio,35011,2018,2018,Demolición,DEMOLICION,Viviendas,VIVIENDAS,0,,,,
Ingenio,35011,2019,2019,Demolición,DEMOLICION,Viviendas,VIVIENDAS,0,,,,
Ingenio,35011,2012,2012,Rehabilitación,REHABILITACION,Viviendas,VIVIENDAS,1,,,,
Ingenio,35011,2013,2013,Rehabilitación,REHABILITACION,Viviendas,VIVIENDAS,0,,,,
Ingenio,35011,2014,2014,Rehabilitación,REHABILITACION,Viviendas,VIVIENDAS,2,,,,
Ingenio,35011,2015,2015,Rehabilitación,REHABILITACION,Viviendas,VIVIENDAS,2,,,,
Ingenio,35011,2016,2016,Rehabilitación,REHABILITACION,Viviendas,VIVIENDAS,2,,,,
Ingenio,35011,2017,2017,Rehabilitación,REHABILITACION,Viviendas,VIVIENDAS,7,,,,
Ingenio,35011,2018,2018,Rehabilitación,REHABILITACION,Viviendas,VIVIENDAS,0,,,,
Ingenio,35011,2019,2019,Rehabilitación,REHABILITACION,Viviendas,VIVIENDAS,8,,,,
Ingenio,35011,2012,2012,Saldo de viviendas,SALDO_VIVIENDAS,Viviendas,VIVIENDAS,5,,,,
Ingenio,35011,2013,2013,Saldo de viviendas,SALDO_VIVIENDAS,Viviendas,VIVIENDAS,3,,,,
Ingenio,35011,2014,2014,Saldo de viviendas,SALDO_VIVIENDAS,Viviendas,VIVIENDAS,9,,,,
Ingenio,35011,2015,2015,Saldo de viviendas,SALDO_VIVIENDAS,Viviendas,VIVIENDAS,4,,,,
Ingenio,35011,2016,2016,Saldo de viviendas,SALDO_VIVIENDAS,Viviendas,VIVIENDAS,3,,,,
Ingenio,35011,2017,2017,Saldo de viviendas,SALDO_VIVIENDAS,Viviendas,VIVIENDAS,13,,,,
Ingenio,35011,2018,2018,Saldo de viviendas,SALDO_VIVIENDAS,Viviendas,VIVIENDAS,6,,,,
Ingenio,35011,2019,2019,Saldo de viviendas,SALDO_VIVIENDAS,Viviendas,VIVIENDAS,25,,,,
Ingenio,35011,2012,2012,Obra nueva,OBRA_NUEVA,Viviendas,VIVIENDAS,4,,,,
Ingenio,35011,2013,2013,Obra nueva,OBRA_NUEVA,Viviendas,VIVIENDAS,3,,,,
Ingenio,35011,2014,2014,Obra nueva,OBRA_NUEVA,Viviendas,VIVIENDAS,8,,,,
Ingenio,35011,2015,2015,Obra nueva,OBRA_NUEVA,Viviendas,VIVIENDAS,2,,,,
Ingenio,35011,2016,2016,Obra nueva,OBRA_NUEVA,Viviendas,VIVIENDAS,3,,,,
Ingenio,35011,2017,2017,Obra nueva,OBRA_NUEVA,Viviendas,VIVIENDAS,7,,,,
Ingenio,35011,2018,2018,Obra nueva,OBRA_NUEVA,Viviendas,VIVIENDAS,6,,,,
Ingenio,35011,2019,2019,Obra nueva,OBRA_NUEVA,Viviendas,VIVIENDAS,17,,,,
Mogán,35012,2012,2012,Demolición,DEMOLICION,Viviendas,VIVIENDAS,4,,,,
Mogán,35012,2013,2013,Demolición,DEMOLICION,Viviendas,VIVIENDAS,4,,,,
Mogán,35012,2014,2014,Demolición,DEMOLICION,Viviendas,VIVIENDAS,14,,,,
Mogán,35012,2015,2015,Demolición,DEMOLICION,Viviendas,VIVIENDAS,1,,,,
Mogán,35012,2016,2016,Demolición,DEMOLICION,Viviendas,VIVIENDAS,1,,,,
Mogán,35012,2017,2017,Demolición,DEMOLICION,Viviendas,VIVIENDAS,2,,,,
Mogán,35012,2018,2018,Demolición,DEMOLICION,Viviendas,VIVIENDAS,3,,,,
Mogán,35012,2019,2019,Demolición,DEMOLICION,Viviendas,VIVIENDAS,4,,,,
Mogán,35012,2012,2012,Rehabilitación,REHABILITACION,Viviendas,VIVIENDAS,4,,,,
Mogán,35012,2013,2013,Rehabilitación,REHABILITACION,Viviendas,VIVIENDAS,2,,,,
Mogán,35012,2014,2014,Rehabilitación,REHABILITACION,Viviendas,VIVIENDAS,8,,,,
Mogán,35012,2015,2015,Rehabilitación,REHABILITACION,Viviendas,VIVIENDAS,0,,,,
Mogán,35012,2016,2016,Rehabilitación,REHABILITACION,Viviendas,VIVIENDAS,1,,,,
Mogán,35012,2017,2017,Rehabilitación,REHABILITACION,Viviendas,VIVIENDAS,20,,,,
Mogán,35012,2018,2018,Rehabilitación,REHABILITACION,Viviendas,VIVIENDAS,2,,,,
Mogán,35012,2019,2019,Rehabilitación,REHABILITACION,Viviendas,VIVIENDAS,0,,,,
Mogán,35012,2012,2012,Saldo de viviendas,SALDO_VIVIENDAS,Viviendas,VIVIENDAS,271,,,,
Mogán,35012,2013,2013,Saldo de viviendas,SALDO_VIVIENDAS,Viviendas,VIVIENDAS,254,,,,
Mogán,35012,2014,2014,Saldo de viviendas,SALDO_VIVIENDAS,Viviendas,VIVIENDAS,62,,,,
Mogán,35012,2015,2015,Saldo de viviendas,SALDO_VIVIENDAS,Viviendas,VIVIENDAS,13,,,,
Mogán,35012,2016,2016,Saldo de viviendas,SALDO_VIVIENDAS,Viviendas,VIVIENDAS,28,,,,
Mogán,35012,2017,2017,Saldo de viviendas,SALDO_VIVIENDAS,Viviendas,VIVIENDAS,61,,,,
Mogán,35012,2018,2018,Saldo de viviendas,SALDO_VIVIENDAS,Viviendas,VIVIENDAS,142,,,,
Mogán,35012,2019,2019,Saldo de viviendas,SALDO_VIVIENDAS,Viviendas,VIVIENDAS,26,,,,
Mogán,35012,2012,2012,Obra nueva,OBRA_NUEVA,Viviendas,VIVIENDAS,271,,,,
Mogán,35012,2013,2013,Obra nueva,OBRA_NUEVA,Viviendas,VIVIENDAS,256,,,,
Mogán,35012,2014,2014,Obra nueva,OBRA_NUEVA,Viviendas,VIVIENDAS,68,,,,
Mogán,35012,2015,2015,Obra nueva,OBRA_NUEVA,Viviendas,VIVIENDAS,14,,,,
Mogán,35012,2016,2016,Obra nueva,OBRA_NUEVA,Viviendas,VIVIENDAS,28,,,,
Mogán,35012,2017,2017,Obra nueva,OBRA_NUEVA,Viviendas,VIVIENDAS,43,,,,
Mogán,35012,2018,2018,Obra nueva,OBRA_NUEVA,Viviendas,VIVIENDAS,143,,,,
Mogán,35012,2019,2019,Obra nueva,OBRA_NUEVA,Viviendas,VIVIENDAS,30,,,,
Moya,35013,2012,2012,Demolición,DEMOLICION,Viviendas,VIVIENDAS,0,,,,
Moya,35013,2013,2013,Demolición,DEMOLICION,Viviendas,VIVIENDAS,0,,,,
Moya,35013,2014,2014,Demolición,DEMOLICION,Viviendas,VIVIENDAS,0,,,,
Moya,35013,2015,2015,Demolición,DEMOLICION,Viviendas,VIVIENDAS,0,,,,
Moya,35013,2016,2016,Demolición,DEMOLICION,Viviendas,VIVIENDAS,0,,,,
Moya,35013,2017,2017,Demolición,DEMOLICION,Viviendas,VIVIENDAS,0,,,,
Moya,35013,2018,2018,Demolición,DEMOLICION,Viviendas,VIVIENDAS,0,,,,
Moya,35013,2019,2019,Demolición,DEMOLICION,Viviendas,VIVIENDAS,0,,,,
Moya,35013,2012,2012,Rehabilitación,REHABILITACION,Viviendas,VIVIENDAS,0,,,,
Moya,35013,2013,2013,Rehabilitación,REHABILITACION,Viviendas,VIVIENDAS,0,,,,
Moya,35013,2014,2014,Rehabilitación,REHABILITACION,Viviendas,VIVIENDAS,0,,,,
Moya,35013,2015,2015,Rehabilitación,REHABILITACION,Viviendas,VIVIENDAS,1,,,,
Moya,35013,2016,2016,Rehabilitación,REHABILITACION,Viviendas,VIVIENDAS,0,,,,
Moya,35013,2017,2017,Rehabilitación,REHABILITACION,Viviendas,VIVIENDAS,2,,,,
Moya,35013,2018,2018,Rehabilitación,REHABILITACION,Viviendas,VIVIENDAS,3,,,,
Moya,35013,2019,2019,Rehabilitación,REHABILITACION,Viviendas,VIVIENDAS,2,,,,
Moya,35013,2012,2012,Saldo de viviendas,SALDO_VIVIENDAS,Viviendas,VIVIENDAS,1,,,,
Moya,35013,2013,2013,Saldo de viviendas,SALDO_VIVIENDAS,Viviendas,VIVIENDAS,2,,,,
Moya,35013,2014,2014,Saldo de viviendas,SALDO_VIVIENDAS,Viviendas,VIVIENDAS,0,,,,
Moya,35013,2015,2015,Saldo de viviendas,SALDO_VIVIENDAS,Viviendas,VIVIENDAS,1,,,,
Moya,35013,2016,2016,Saldo de viviendas,SALDO_VIVIENDAS,Viviendas,VIVIENDAS,0,,,,
Moya,35013,2017,2017,Saldo de viviendas,SALDO_VIVIENDAS,Viviendas,VIVIENDAS,2,,,,
Moya,35013,2018,2018,Saldo de viviendas,SALDO_VIVIENDAS,Viviendas,VIVIENDAS,5,,,,
Moya,35013,2019,2019,Saldo de viviendas,SALDO_VIVIENDAS,Viviendas,VIVIENDAS,3,,,,
Moya,35013,2012,2012,Obra nueva,OBRA_NUEVA,Viviendas,VIVIENDAS,1,,,,
Moya,35013,2013,2013,Obra nueva,OBRA_NUEVA,Viviendas,VIVIENDAS,2,,,,
Moya,35013,2014,2014,Obra nueva,OBRA_NUEVA,Viviendas,VIVIENDAS,0,,,,
Moya,35013,2015,2015,Obra nueva,OBRA_NUEVA,Viviendas,VIVIENDAS,0,,,,
Moya,35013,2016,2016,Obra nueva,OBRA_NUEVA,Viviendas,VIVIENDAS,0,,,,
Moya,35013,2017,2017,Obra nueva,OBRA_NUEVA,Viviendas,VIVIENDAS,0,,,,
Moya,35013,2018,2018,Obra nueva,OBRA_NUEVA,Viviendas,VIVIENDAS,2,,,,
Moya,35013,2019,2019,Obra nueva,OBRA_NUEVA,Viviendas,VIVIENDAS,1,,,,
Las Palmas de Gran Canaria,35016,2012,2012,Demolición,DEMOLICION,Viviendas,VIVIENDAS,10,,,,
Las Palmas de Gran Canaria,35016,2013,2013,Demolición,DEMOLICION,Viviendas,VIVIENDAS,13,,,,
Las Palmas de Gran Canaria,35016,2014,2014,Demolición,DEMOLICION,Viviendas,VIVIENDAS,7,,,,
Las Palmas de Gran Canaria,35016,2015,2015,Demolición,DEMOLICION,Viviendas,VIVIENDAS,11,,,,
Las Palmas de Gran Canaria,35016,2016,2016,Demolición,DEMOLICION,Viviendas,VIVIENDAS,24,,,,
Las Palmas de Gran Canaria,35016,2017,2017,Demolición,DEMOLICION,Viviendas,VIVIENDAS,19,,,,
Las Palmas de Gran Canaria,35016,2018,2018,Demolición,DEMOLICION,Viviendas,VIVIENDAS,32,,,,
Las Palmas de Gran Canaria,35016,2019,2019,Demolición,DEMOLICION,Viviendas,VIVIENDAS,75,,,,
Las Palmas de Gran Canaria,35016,2012,2012,Rehabilitación,REHABILITACION,Viviendas,VIVIENDAS,14,,,,
Las Palmas de Gran Canaria,35016,2013,2013,Rehabilitación,REHABILITACION,Viviendas,VIVIENDAS,13,,,,
Las Palmas de Gran Canaria,35016,2014,2014,Rehabilitación,REHABILITACION,Viviendas,VIVIENDAS,17,,,,
Las Palmas de Gran Canaria,35016,2015,2015,Rehabilitación,REHABILITACION,Viviendas,VIVIENDAS,29,,,,
Las Palmas de Gran Canaria,35016,2016,2016,Rehabilitación,REHABILITACION,Viviendas,VIVIENDAS,44,,,,
Las Palmas de Gran Canaria,35016,2017,2017,Rehabilitación,REHABILITACION,Viviendas,VIVIENDAS,23,,,,
Las Palmas de Gran Canaria,35016,2018,2018,Rehabilitación,REHABILITACION,Viviendas,VIVIENDAS,87,,,,
Las Palmas de Gran Canaria,35016,2019,2019,Rehabilitación,REHABILITACION,Viviendas,VIVIENDAS,63,,,,
Las Palmas de Gran Canaria,35016,2012,2012,Saldo de viviendas,SALDO_VIVIENDAS,Viviendas,VIVIENDAS,48,,,,
Las Palmas de Gran Canaria,35016,2013,2013,Saldo de viviendas,SALDO_VIVIENDAS,Viviendas,VIVIENDAS,48,,,,
Las Palmas de Gran Canaria,35016,2014,2014,Saldo de viviendas,SALDO_VIVIENDAS,Viviendas,VIVIENDAS,21,,,,
Las Palmas de Gran Canaria,35016,2015,2015,Saldo de viviendas,SALDO_VIVIENDAS,Viviendas,VIVIENDAS,48,,,,
Las Palmas de Gran Canaria,35016,2016,2016,Saldo de viviendas,SALDO_VIVIENDAS,Viviendas,VIVIENDAS,273,,,,
Las Palmas de Gran Canaria,35016,2017,2017,Saldo de viviendas,SALDO_VIVIENDAS,Viviendas,VIVIENDAS,149,,,,
Las Palmas de Gran Canaria,35016,2018,2018,Saldo de viviendas,SALDO_VIVIENDAS,Viviendas,VIVIENDAS,356,,,,
Las Palmas de Gran Canaria,35016,2019,2019,Saldo de viviendas,SALDO_VIVIENDAS,Viviendas,VIVIENDAS,657,,,,
Las Palmas de Gran Canaria,35016,2012,2012,Obra nueva,OBRA_NUEVA,Viviendas,VIVIENDAS,44,,,,
Las Palmas de Gran Canaria,35016,2013,2013,Obra nueva,OBRA_NUEVA,Viviendas,VIVIENDAS,48,,,,
Las Palmas de Gran Canaria,35016,2014,2014,Obra nueva,OBRA_NUEVA,Viviendas,VIVIENDAS,11,,,,
Las Palmas de Gran Canaria,35016,2015,2015,Obra nueva,OBRA_NUEVA,Viviendas,VIVIENDAS,30,,,,
Las Palmas de Gran Canaria,35016,2016,2016,Obra nueva,OBRA_NUEVA,Viviendas,VIVIENDAS,253,,,,
Las Palmas de Gran Canaria,35016,2017,2017,Obra nueva,OBRA_NUEVA,Viviendas,VIVIENDAS,145,,,,
Las Palmas de Gran Canaria,35016,2018,2018,Obra nueva,OBRA_NUEVA,Viviendas,VIVIENDAS,301,,,,
Las Palmas de Gran Canaria,35016,2019,2019,Obra nueva,OBRA_NUEVA,Viviendas,VIVIENDAS,669,,,,
San Bartolomé de Tirajana,35019,2012,2012,Demolición,DEMOLICION,Viviendas,VIVIENDAS,2,,,,
San Bartolomé de Tirajana,35019,2013,2013,Demolición,DEMOLICION,Viviendas,VIVIENDAS,0,,,,
San Bartolomé de Tirajana,35019,2014,2014,Demolición,DEMOLICION,Viviendas,VIVIENDAS,1,,,,
San Bartolomé de Tirajana,35019,2015,2015,Demolición,DEMOLICION,Viviendas,VIVIENDAS,1,,,,
San Bartolomé de Tirajana,35019,2016,2016,Demolición,DEMOLICION,Viviendas,VIVIENDAS,41,,,,
San Bartolomé de Tirajana,35019,2017,2017,Demolición,DEMOLICION,Viviendas,VIVIENDAS,13,,,,
San Bartolomé de Tirajana,35019,2018,2018,Demolición,DEMOLICION,Viviendas,VIVIENDAS,0,,,,
San Bartolomé de Tirajana,35019,2019,2019,Demolición,DEMOLICION,Viviendas,VIVIENDAS,0,,,,
San Bartolomé de Tirajana,35019,2012,2012,Rehabilitación,REHABILITACION,Viviendas,VIVIENDAS,1,,,,
San Bartolomé de Tirajana,35019,2013,2013,Rehabilitación,REHABILITACION,Viviendas,VIVIENDAS,15,,,,
San Bartolomé de Tirajana,35019,2014,2014,Rehabilitación,REHABILITACION,Viviendas,VIVIENDAS,0,,,,
San Bartolomé de Tirajana,35019,2015,2015,Rehabilitación,REHABILITACION,Viviendas,VIVIENDAS,5,,,,
San Bartolomé de Tirajana,35019,2016,2016,Rehabilitación,REHABILITACION,Viviendas,VIVIENDAS,4,,,,
San Bartolomé de Tirajana,35019,2017,2017,Rehabilitación,REHABILITACION,Viviendas,VIVIENDAS,5,,,,
San Bartolomé de Tirajana,35019,2018,2018,Rehabilitación,REHABILITACION,Viviendas,VIVIENDAS,422,,,,
San Bartolomé de Tirajana,35019,2019,2019,Rehabilitación,REHABILITACION,Viviendas,VIVIENDAS,4,,,,
San Bartolomé de Tirajana,35019,2012,2012,Saldo de viviendas,SALDO_VIVIENDAS,Viviendas,VIVIENDAS,4,,,,
San Bartolomé de Tirajana,35019,2013,2013,Saldo de viviendas,SALDO_VIVIENDAS,Viviendas,VIVIENDAS,43,,,,
San Bartolomé de Tirajana,35019,2014,2014,Saldo de viviendas,SALDO_VIVIENDAS,Viviendas,VIVIENDAS,7,,,,
San Bartolomé de Tirajana,35019,2015,2015,Saldo de viviendas,SALDO_VIVIENDAS,Viviendas,VIVIENDAS,13,,,,
San Bartolomé de Tirajana,35019,2016,2016,Saldo de viviendas,SALDO_VIVIENDAS,Viviendas,VIVIENDAS,42,,,,
San Bartolomé de Tirajana,35019,2017,2017,Saldo de viviendas,SALDO_VIVIENDAS,Viviendas,VIVIENDAS,20,,,,
San Bartolomé de Tirajana,35019,2018,2018,Saldo de viviendas,SALDO_VIVIENDAS,Viviendas,VIVIENDAS,440,,,,
San Bartolomé de Tirajana,35019,2019,2019,Saldo de viviendas,SALDO_VIVIENDAS,Viviendas,VIVIENDAS,25,,,,
San Bartolomé de Tirajana,35019,2012,2012,Obra nueva,OBRA_NUEVA,Viviendas,VIVIENDAS,5,,,,
San Bartolomé de Tirajana,35019,2013,2013,Obra nueva,OBRA_NUEVA,Viviendas,VIVIENDAS,28,,,,
San Bartolomé de Tirajana,35019,2014,2014,Obra nueva,OBRA_NUEVA,Viviendas,VIVIENDAS,8,,,,
San Bartolomé de Tirajana,35019,2015,2015,Obra nueva,OBRA_NUEVA,Viviendas,VIVIENDAS,9,,,,
San Bartolomé de Tirajana,35019,2016,2016,Obra nueva,OBRA_NUEVA,Viviendas,VIVIENDAS,79,,,,
San Bartolomé de Tirajana,35019,2017,2017,Obra nueva,OBRA_NUEVA,Viviendas,VIVIENDAS,28,,,,
San Bartolomé de Tirajana,35019,2018,2018,Obra nueva,OBRA_NUEVA,Viviendas,VIVIENDAS,18,,,,
San Bartolomé de Tirajana,35019,2019,2019,Obra nueva,OBRA_NUEVA,Viviendas,VIVIENDAS,21,,,,
La Aldea de San Nicolás,35020,2012,2012,Demolición,DEMOLICION,Viviendas,VIVIENDAS,0,,,,
La Aldea de San Nicolás,35020,2013,2013,Demolición,DEMOLICION,Viviendas,VIVIENDAS,0,,,,
La Aldea de San Nicolás,35020,2014,2014,Demolición,DEMOLICION,Viviendas,VIVIENDAS,0,,,,
La Aldea de San Nicolás,35020,2015,2015,Demolición,DEMOLICION,Viviendas,VIVIENDAS,0,,,,
La Aldea de San Nicolás,35020,2016,2016,Demolición,DEMOLICION,Viviendas,VIVIENDAS,0,,,,
La Aldea de San Nicolás,35020,2017,2017,Demolición,DEMOLICION,Viviendas,VIVIENDAS,0,,,,
La Aldea de San Nicolás,35020,2018,2018,Demolición,DEMOLICION,Viviendas,VIVIENDAS,0,,,,
La Aldea de San Nicolás,35020,2019,2019,Demolición,DEMOLICION,Viviendas,VIVIENDAS,0,,,,
La Aldea de San Nicolás,35020,2012,2012,Rehabilitación,REHABILITACION,Viviendas,VIVIENDAS,0,,,,
La Aldea de San Nicolás,35020,2013,2013,Rehabilitación,REHABILITACION,Viviendas,VIVIENDAS,1,,,,
La Aldea de San Nicolás,35020,2014,2014,Rehabilitación,REHABILITACION,Viviendas,VIVIENDAS,0,,,,
La Aldea de San Nicolás,35020,2015,2015,Rehabilitación,REHABILITACION,Viviendas,VIVIENDAS,2,,,,
La Aldea de San Nicolás,35020,2016,2016,Rehabilitación,REHABILITACION,Viviendas,VIVIENDAS,1,,,,
La Aldea de San Nicolás,35020,2017,2017,Rehabilitación,REHABILITACION,Viviendas,VIVIENDAS,0,,,,
La Aldea de San Nicolás,35020,2018,2018,Rehabilitación,REHABILITACION,Viviendas,VIVIENDAS,1,,,,
La Aldea de San Nicolás,35020,2019,2019,Rehabilitación,REHABILITACION,Viviendas,VIVIENDAS,3,,,,
La Aldea de San Nicolás,35020,2012,2012,Saldo de viviendas,SALDO_VIVIENDAS,Viviendas,VIVIENDAS,0,,,,
La Aldea de San Nicolás,35020,2013,2013,Saldo de viviendas,SALDO_VIVIENDAS,Viviendas,VIVIENDAS,2,,,,
La Aldea de San Nicolás,35020,2014,2014,Saldo de viviendas,SALDO_VIVIENDAS,Viviendas,VIVIENDAS,1,,,,
La Aldea de San Nicolás,35020,2015,2015,Saldo de viviendas,SALDO_VIVIENDAS,Viviendas,VIVIENDAS,2,,,,
La Aldea de San Nicolás,35020,2016,2016,Saldo de viviendas,SALDO_VIVIENDAS,Viviendas,VIVIENDAS,2,,,,
La Aldea de San Nicolás,35020,2017,2017,Saldo de viviendas,SALDO_VIVIENDAS,Viviendas,VIVIENDAS,1,,,,
La Aldea de San Nicolás,35020,2018,2018,Saldo de viviendas,SALDO_VIVIENDAS,Viviendas,VIVIENDAS,1,,,,
La Aldea de San Nicolás,35020,2019,2019,Saldo de viviendas,SALDO_VIVIENDAS,Viviendas,VIVIENDAS,3,,,,
La Aldea de San Nicolás,35020,2012,2012,Obra nueva,OBRA_NUEVA,Viviendas,VIVIENDAS,0,,,,
La Aldea de San Nicolás,35020,2013,2013,Obra nueva,OBRA_NUEVA,Viviendas,VIVIENDAS,1,,,,
La Aldea de San Nicolás,35020,2014,2014,Obra nueva,OBRA_NUEVA,Viviendas,VIVIENDAS,1,,,,
La Aldea de San Nicolás,35020,2015,2015,Obra nueva,OBRA_NUEVA,Viviendas,VIVIENDAS,0,,,,
La Aldea de San Nicolás,35020,2016,2016,Obra nueva,OBRA_NUEVA,Viviendas,VIVIENDAS,1,,,,
La Aldea de San Nicolás,35020,2017,2017,Obra nueva,OBRA_NUEVA,Viviendas,VIVIENDAS,1,,,,
La Aldea de San Nicolás,35020,2018,2018,Obra nueva,OBRA_NUEVA,Viviendas,VIVIENDAS,0,,,,
La Aldea de San Nicolás,35020,2019,2019,Obra nueva,OBRA_NUEVA,Viviendas,VIVIENDAS,0,,,,
Santa Brígida,35021,2012,2012,Demolición,DEMOLICION,Viviendas,VIVIENDAS,0,,,,
Santa Brígida,35021,2013,2013,Demolición,DEMOLICION,Viviendas,VIVIENDAS,0,,,,
Santa Brígida,35021,2014,2014,Demolición,DEMOLICION,Viviendas,VIVIENDAS,0,,,,
Santa Brígida,35021,2015,2015,Demolición,DEMOLICION,Viviendas,VIVIENDAS,0,,,,
Santa Brígida,35021,2016,2016,Demolición,DEMOLICION,Viviendas,VIVIENDAS,0,,,,
Santa Brígida,35021,2017,2017,Demolición,DEMOLICION,Viviendas,VIVIENDAS,0,,,,
Santa Brígida,35021,2018,2018,Demolición,DEMOLICION,Viviendas,VIVIENDAS,0,,,,
Santa Brígida,35021,2019,2019,Demolición,DEMOLICION,Viviendas,VIVIENDAS,0,,,,
Santa Brígida,35021,2012,2012,Rehabilitación,REHABILITACION,Viviendas,VIVIENDAS,3,,,,
Santa Brígida,35021,2013,2013,Rehabilitación,REHABILITACION,Viviendas,VIVIENDAS,8,,,,
Santa Brígida,35021,2014,2014,Rehabilitación,REHABILITACION,Viviendas,VIVIENDAS,1,,,,
Santa Brígida,35021,2015,2015,Rehabilitación,REHABILITACION,Viviendas,VIVIENDAS,2,,,,
Santa Brígida,35021,2016,2016,Rehabilitación,REHABILITACION,Viviendas,VIVIENDAS,1,,,,
Santa Brígida,35021,2017,2017,Rehabilitación,REHABILITACION,Viviendas,VIVIENDAS,4,,,,
Santa Brígida,35021,2018,2018,Rehabilitación,REHABILITACION,Viviendas,VIVIENDAS,4,,,,
Santa Brígida,35021,2019,2019,Rehabilitación,REHABILITACION,Viviendas,VIVIENDAS,1,,,,
Santa Brígida,35021,2012,2012,Saldo de viviendas,SALDO_VIVIENDAS,Viviendas,VIVIENDAS,4,,,,
Santa Brígida,35021,2013,2013,Saldo de viviendas,SALDO_VIVIENDAS,Viviendas,VIVIENDAS,9,,,,
Santa Brígida,35021,2014,2014,Saldo de viviendas,SALDO_VIVIENDAS,Viviendas,VIVIENDAS,5,,,,
Santa Brígida,35021,2015,2015,Saldo de viviendas,SALDO_VIVIENDAS,Viviendas,VIVIENDAS,6,,,,
Santa Brígida,35021,2016,2016,Saldo de viviendas,SALDO_VIVIENDAS,Viviendas,VIVIENDAS,6,,,,
Santa Brígida,35021,2017,2017,Saldo de viviendas,SALDO_VIVIENDAS,Viviendas,VIVIENDAS,11,,,,
Santa Brígida,35021,2018,2018,Saldo de viviendas,SALDO_VIVIENDAS,Viviendas,VIVIENDAS,8,,,,
Santa Brígida,35021,2019,2019,Saldo de viviendas,SALDO_VIVIENDAS,Viviendas,VIVIENDAS,3,,,,
Santa Brígida,35021,2012,2012,Obra nueva,OBRA_NUEVA,Viviendas,VIVIENDAS,1,,,,
Santa Brígida,35021,2013,2013,Obra nueva,OBRA_NUEVA,Viviendas,VIVIENDAS,1,,,,
Santa Brígida,35021,2014,2014,Obra nueva,OBRA_NUEVA,Viviendas,VIVIENDAS,4,,,,
Santa Brígida,35021,2015,2015,Obra nueva,OBRA_NUEVA,Viviendas,VIVIENDAS,4,,,,
Santa Brígida,35021,2016,2016,Obra nueva,OBRA_NUEVA,Viviendas,VIVIENDAS,5,,,,
Santa Brígida,35021,2017,2017,Obra nueva,OBRA_NUEVA,Viviendas,VIVIENDAS,7,,,,
Santa Brígida,35021,2018,2018,Obra nueva,OBRA_NUEVA,Viviendas,VIVIENDAS,4,,,,
Santa Brígida,35021,2019,2019,Obra nueva,OBRA_NUEVA,Viviendas,VIVIENDAS,2,,,,
Santa Lucía de Tirajana,35022,2012,2012,Demolición,DEMOLICION,Viviendas,VIVIENDAS,1,,,,
Santa Lucía de Tirajana,35022,2013,2013,Demolición,DEMOLICION,Viviendas,VIVIENDAS,0,,,,
Santa Lucía de Tirajana,35022,2014,2014,Demolición,DEMOLICION,Viviendas,VIVIENDAS,1,,,,
Santa Lucía de Tirajana,35022,2015,2015,Demolición,DEMOLICION,Viviendas,VIVIENDAS,0,,,,
Santa Lucía de Tirajana,35022,2016,2016,Demolición,DEMOLICION,Viviendas,VIVIENDAS,0,,,,
Santa Lucía de Tirajana,35022,2017,2017,Demolición,DEMOLICION,Viviendas,VIVIENDAS,0,,,,
Santa Lucía de Tirajana,35022,2018,2018,Demolición,DEMOLICION,Viviendas,VIVIENDAS,0,,,,
Santa Lucía de Tirajana,35022,2019,2019,Demolición,DEMOLICION,Viviendas,VIVIENDAS,0,,,,
Santa Lucía de Tirajana,35022,2012,2012,Rehabilitación,REHABILITACION,Viviendas,VIVIENDAS,2,,,,
Santa Lucía de Tirajana,35022,2013,2013,Rehabilitación,REHABILITACION,Viviendas,VIVIENDAS,8,,,,
Santa Lucía de Tirajana,35022,2014,2014,Rehabilitación,REHABILITACION,Viviendas,VIVIENDAS,4,,,,
Santa Lucía de Tirajana,35022,2015,2015,Rehabilitación,REHABILITACION,Viviendas,VIVIENDAS,3,,,,
Santa Lucía de Tirajana,35022,2016,2016,Rehabilitación,REHABILITACION,Viviendas,VIVIENDAS,5,,,,
Santa Lucía de Tirajana,35022,2017,2017,Rehabilitación,REHABILITACION,Viviendas,VIVIENDAS,24,,,,
Santa Lucía de Tirajana,35022,2018,2018,Rehabilitación,REHABILITACION,Viviendas,VIVIENDAS,3,,,,
Santa Lucía de Tirajana,35022,2019,2019,Rehabilitación,REHABILITACION,Viviendas,VIVIENDAS,7,,,,
Santa Lucía de Tirajana,35022,2012,2012,Saldo de viviendas,SALDO_VIVIENDAS,Viviendas,VIVIENDAS,8,,,,
Santa Lucía de Tirajana,35022,2013,2013,Saldo de viviendas,SALDO_VIVIENDAS,Viviendas,VIVIENDAS,9,,,,
Santa Lucía de Tirajana,35022,2014,2014,Saldo de viviendas,SALDO_VIVIENDAS,Viviendas,VIVIENDAS,8,,,,
Santa Lucía de Tirajana,35022,2015,2015,Saldo de viviendas,SALDO_VIVIENDAS,Viviendas,VIVIENDAS,5,,,,
Santa Lucía de Tirajana,35022,2016,2016,Saldo de viviendas,SALDO_VIVIENDAS,Viviendas,VIVIENDAS,15,,,,
Santa Lucía de Tirajana,35022,2017,2017,Saldo de viviendas,SALDO_VIVIENDAS,Viviendas,VIVIENDAS,27,,,,
Santa Lucía de Tirajana,35022,2018,2018,Saldo de viviendas,SALDO_VIVIENDAS,Viviendas,VIVIENDAS,20,,,,
Santa Lucía de Tirajana,35022,2019,2019,Saldo de viviendas,SALDO_VIVIENDAS,Viviendas,VIVIENDAS,79,,,,
Santa Lucía de Tirajana,35022,2012,2012,Obra nueva,OBRA_NUEVA,Viviendas,VIVIENDAS,7,,,,
Santa Lucía de Tirajana,35022,2013,2013,Obra nueva,OBRA_NUEVA,Viviendas,VIVIENDAS,1,,,,
Santa Lucía de Tirajana,35022,2014,2014,Obra nueva,OBRA_NUEVA,Viviendas,VIVIENDAS,5,,,,
Santa Lucía de Tirajana,35022,2015,2015,Obra nueva,OBRA_NUEVA,Viviendas,VIVIENDAS,2,,,,
Santa Lucía de Tirajana,35022,2016,2016,Obra nueva,OBRA_NUEVA,Viviendas,VIVIENDAS,10,,,,
Santa Lucía de Tirajana,35022,2017,2017,Obra nueva,OBRA_NUEVA,Viviendas,VIVIENDAS,3,,,,
Santa Lucía de Tirajana,35022,2018,2018,Obra nueva,OBRA_NUEVA,Viviendas,VIVIENDAS,17,,,,
Santa Lucía de Tirajana,35022,2019,2019,Obra nueva,OBRA_NUEVA,Viviendas,VIVIENDAS,72,,,,
Santa María de Guía de Gran Canaria,35023,2012,2012,Demolición,DEMOLICION,Viviendas,VIVIENDAS,0,,,,
Santa María de Guía de Gran Canaria,35023,2013,2013,Demolición,DEMOLICION,Viviendas,VIVIENDAS,0,,,,
Santa María de Guía de Gran Canaria,35023,2014,2014,Demolición,DEMOLICION,Viviendas,VIVIENDAS,0,,,,
Santa María de Guía de Gran Canaria,35023,2015,2015,Demolición,DEMOLICION,Viviendas,VIVIENDAS,1,,,,
Santa María de Guía de Gran Canaria,35023,2016,2016,Demolición,DEMOLICION,Viviendas,VIVIENDAS,0,,,,
Santa María de Guía de Gran Canaria,35023,2017,2017,Demolición,DEMOLICION,Viviendas,VIVIENDAS,1,,,,
Santa María de Guía de Gran Canaria,35023,2018,2018,Demolición,DEMOLICION,Viviendas,VIVIENDAS,1,,,,
Santa María de Guía de Gran Canaria,35023,2019,2019,Demolición,DEMOLICION,Viviendas,VIVIENDAS,0,,,,
Santa María de Guía de Gran Canaria,35023,2012,2012,Rehabilitación,REHABILITACION,Viviendas,VIVIENDAS,0,,,,
Santa María de Guía de Gran Canaria,35023,2013,2013,Rehabilitación,REHABILITACION,Viviendas,VIVIENDAS,1,,,,
Santa María de Guía de Gran Canaria,35023,2014,2014,Rehabilitación,REHABILITACION,Viviendas,VIVIENDAS,0,,,,
Santa María de Guía de Gran Canaria,35023,2015,2015,Rehabilitación,REHABILITACION,Viviendas,VIVIENDAS,1,,,,
Santa María de Guía de Gran Canaria,35023,2016,2016,Rehabilitación,REHABILITACION,Viviendas,VIVIENDAS,0,,,,
Santa María de Guía de Gran Canaria,35023,2017,2017,Rehabilitación,REHABILITACION,Viviendas,VIVIENDAS,0,,,,
Santa María de Guía de Gran Canaria,35023,2018,2018,Rehabilitación,REHABILITACION,Viviendas,VIVIENDAS,4,,,,
Santa María de Guía de Gran Canaria,35023,2019,2019,Rehabilitación,REHABILITACION,Viviendas,VIVIENDAS,0,,,,
Santa María de Guía de Gran Canaria,35023,2012,2012,Saldo de viviendas,SALDO_VIVIENDAS,Viviendas,VIVIENDAS,4,,,,
Santa María de Guía de Gran Canaria,35023,2013,2013,Saldo de viviendas,SALDO_VIVIENDAS,Viviendas,VIVIENDAS,2,,,,
Santa María de Guía de Gran Canaria,35023,2014,2014,Saldo de viviendas,SALDO_VIVIENDAS,Viviendas,VIVIENDAS,1,,,,
Santa María de Guía de Gran Canaria,35023,2015,2015,Saldo de viviendas,SALDO_VIVIENDAS,Viviendas,VIVIENDAS,1,,,,
Santa María de Guía de Gran Canaria,35023,2016,2016,Saldo de viviendas,SALDO_VIVIENDAS,Viviendas,VIVIENDAS,0,,,,
Santa María de Guía de Gran Canaria,35023,2017,2017,Saldo de viviendas,SALDO_VIVIENDAS,Viviendas,VIVIENDAS,1,,,,
Santa María de Guía de Gran Canaria,35023,2018,2018,Saldo de viviendas,SALDO_VIVIENDAS,Viviendas,VIVIENDAS,3,,,,
Santa María de Guía de Gran Canaria,35023,2019,2019,Saldo de viviendas,SALDO_VIVIENDAS,Viviendas,VIVIENDAS,70,,,,
Santa María de Guía de Gran Canaria,35023,2012,2012,Obra nueva,OBRA_NUEVA,Viviendas,VIVIENDAS,4,,,,
Santa María de Guía de Gran Canaria,35023,2013,2013,Obra nueva,OBRA_NUEVA,Viviendas,VIVIENDAS,1,,,,
Santa María de Guía de Gran Canaria,35023,2014,2014,Obra nueva,OBRA_NUEVA,Viviendas,VIVIENDAS,1,,,,
Santa María de Guía de Gran Canaria,35023,2015,2015,Obra nueva,OBRA_NUEVA,Viviendas,VIVIENDAS,1,,,,
Santa María de Guía de Gran Canaria,35023,2016,2016,Obra nueva,OBRA_NUEVA,Viviendas,VIVIENDAS,0,,,,
Santa María de Guía de Gran Canaria,35023,2017,2017,Obra nueva,OBRA_NUEVA,Viviendas,VIVIENDAS,2,,,,
Santa María de Guía de Gran Canaria,35023,2018,2018,Obra nueva,OBRA_NUEVA,Viviendas,VIVIENDAS,0,,,,
Santa María de Guía de Gran Canaria,35023,2019,2019,Obra nueva,OBRA_NUEVA,Viviendas,VIVIENDAS,70,,,,
Tejeda,35025,2012,2012,Demolición,DEMOLICION,Viviendas,VIVIENDAS,0,,,,
Tejeda,35025,2013,2013,Demolición,DEMOLICION,Viviendas,VIVIENDAS,0,,,,
Tejeda,35025,2014,2014,Demolición,DEMOLICION,Viviendas,VIVIENDAS,0,,,,
Tejeda,35025,2015,2015,Demolición,DEMOLICION,Viviendas,VIVIENDAS,0,,,,
Tejeda,35025,2016,2016,Demolición,DEMOLICION,Viviendas,VIVIENDAS,0,,,,
Tejeda,35025,2017,2017,Demolición,DEMOLICION,Viviendas,VIVIENDAS,0,,,,
Tejeda,35025,2018,2018,Demolición,DEMOLICION,Viviendas,VIVIENDAS,0,,,,
Tejeda,35025,2019,2019,Demolición,DEMOLICION,Viviendas,VIVIENDAS,0,,,,
Tejeda,35025,2012,2012,Rehabilitación,REHABILITACION,Viviendas,VIVIENDAS,1,,,,
Tejeda,35025,2013,2013,Rehabilitación,REHABILITACION,Viviendas,VIVIENDAS,0,,,,
Tejeda,35025,2014,2014,Rehabilitación,REHABILITACION,Viviendas,VIVIENDAS,0,,,,
Tejeda,35025,2015,2015,Rehabilitación,REHABILITACION,Viviendas,VIVIENDAS,1,,,,
Tejeda,35025,2016,2016,Rehabilitación,REHABILITACION,Viviendas,VIVIENDAS,0,,,,
Tejeda,35025,2017,2017,Rehabilitación,REHABILITACION,Viviendas,VIVIENDAS,1,,,,
Tejeda,35025,2018,2018,Rehabilitación,REHABILITACION,Viviendas,VIVIENDAS,4,,,,
Tejeda,35025,2019,2019,Rehabilitación,REHABILITACION,Viviendas,VIVIENDAS,5,,,,
Tejeda,35025,2012,2012,Saldo de viviendas,SALDO_VIVIENDAS,Viviendas,VIVIENDAS,1,,,,
Tejeda,35025,2013,2013,Saldo de viviendas,SALDO_VIVIENDAS,Viviendas,VIVIENDAS,1,,,,
Tejeda,35025,2014,2014,Saldo de viviendas,SALDO_VIVIENDAS,Viviendas,VIVIENDAS,0,,,,
Tejeda,35025,2015,2015,Saldo de viviendas,SALDO_VIVIENDAS,Viviendas,VIVIENDAS,1,,,,
Tejeda,35025,2016,2016,Saldo de viviendas,SALDO_VIVIENDAS,Viviendas,VIVIENDAS,0,,,,
Tejeda,35025,2017,2017,Saldo de viviendas,SALDO_VIVIENDAS,Viviendas,VIVIENDAS,1,,,,
Tejeda,35025,2018,2018,Saldo de viviendas,SALDO_VIVIENDAS,Viviendas,VIVIENDAS,12,,,,
Tejeda,35025,2019,2019,Saldo de viviendas,SALDO_VIVIENDAS,Viviendas,VIVIENDAS,5,,,,
Tejeda,35025,2012,2012,Obra nueva,OBRA_NUEVA,Viviendas,VIVIENDAS,0,,,,
Tejeda,35025,2013,2013,Obra nueva,OBRA_NUEVA,Viviendas,VIVIENDAS,1,,,,
Tejeda,35025,2014,2014,Obra nueva,OBRA_NUEVA,Viviendas,VIVIENDAS,0,,,,
Tejeda,35025,2015,2015,Obra nueva,OBRA_NUEVA,Viviendas,VIVIENDAS,0,,,,
Tejeda,35025,2016,2016,Obra nueva,OBRA_NUEVA,Viviendas,VIVIENDAS,0,,,,
Tejeda,35025,2017,2017,Obra nueva,OBRA_NUEVA,Viviendas,VIVIENDAS,0,,,,
Tejeda,35025,2018,2018,Obra nueva,OBRA_NUEVA,Viviendas,VIVIENDAS,8,,,,
Tejeda,35025,2019,2019,Obra nueva,OBRA_NUEVA,Viviendas,VIVIENDAS,0,,,,
Telde,35026,2012,2012,Demolición,DEMOLICION,Viviendas,VIVIENDAS,0,,,,
Telde,35026,2013,2013,Demolición,DEMOLICION,Viviendas,VIVIENDAS,1,,,,
Telde,35026,2014,2014,Demolición,DEMOLICION,Viviendas,VIVIENDAS,2,,,,
Telde,35026,2015,2015,Demolición,DEMOLICION,Viviendas,VIVIENDAS,4,,,,
Telde,35026,2016,2016,Demolición,DEMOLICION,Viviendas,VIVIENDAS,5,,,,
Telde,35026,2017,2017,Demolición,DEMOLICION,Viviendas,VIVIENDAS,6,,,,
Telde,35026,2018,2018,Demolición,DEMOLICION,Viviendas,VIVIENDAS,1,,,,
Telde,35026,2019,2019,Demolición,DEMOLICION,Viviendas,VIVIENDAS,6,,,,
Telde,35026,2012,2012,Rehabilitación,REHABILITACION,Viviendas,VIVIENDAS,3,,,,
Telde,35026,2013,2013,Rehabilitación,REHABILITACION,Viviendas,VIVIENDAS,3,,,,
Telde,35026,2014,2014,Rehabilitación,REHABILITACION,Viviendas,VIVIENDAS,8,,,,
Telde,35026,2015,2015,Rehabilitación,REHABILITACION,Viviendas,VIVIENDAS,5,,,,
Telde,35026,2016,2016,Rehabilitación,REHABILITACION,Viviendas,VIVIENDAS,13,,,,
Telde,35026,2017,2017,Rehabilitación,REHABILITACION,Viviendas,VIVIENDAS,15,,,,
Telde,35026,2018,2018,Rehabilitación,REHABILITACION,Viviendas,VIVIENDAS,12,,,,
Telde,35026,2019,2019,Rehabilitación,REHABILITACION,Viviendas,VIVIENDAS,4,,,,
Telde,35026,2012,2012,Saldo de viviendas,SALDO_VIVIENDAS,Viviendas,VIVIENDAS,26,,,,
Telde,35026,2013,2013,Saldo de viviendas,SALDO_VIVIENDAS,Viviendas,VIVIENDAS,23,,,,
Telde,35026,2014,2014,Saldo de viviendas,SALDO_VIVIENDAS,Viviendas,VIVIENDAS,20,,,,
Telde,35026,2015,2015,Saldo de viviendas,SALDO_VIVIENDAS,Viviendas,VIVIENDAS,26,,,,
Telde,35026,2016,2016,Saldo de viviendas,SALDO_VIVIENDAS,Viviendas,VIVIENDAS,39,,,,
Telde,35026,2017,2017,Saldo de viviendas,SALDO_VIVIENDAS,Viviendas,VIVIENDAS,122,,,,
Telde,35026,2018,2018,Saldo de viviendas,SALDO_VIVIENDAS,Viviendas,VIVIENDAS,78,,,,
Telde,35026,2019,2019,Saldo de viviendas,SALDO_VIVIENDAS,Viviendas,VIVIENDAS,116,,,,
Telde,35026,2012,2012,Obra nueva,OBRA_NUEVA,Viviendas,VIVIENDAS,23,,,,
Telde,35026,2013,2013,Obra nueva,OBRA_NUEVA,Viviendas,VIVIENDAS,21,,,,
Telde,35026,2014,2014,Obra nueva,OBRA_NUEVA,Viviendas,VIVIENDAS,14,,,,
Telde,35026,2015,2015,Obra nueva,OBRA_NUEVA,Viviendas,VIVIENDAS,25,,,,
Telde,35026,2016,2016,Obra nueva,OBRA_NUEVA,Viviendas,VIVIENDAS,31,,,,
Telde,35026,2017,2017,Obra nueva,OBRA_NUEVA,Viviendas,VIVIENDAS,113,,,,
Telde,35026,2018,2018,Obra nueva,OBRA_NUEVA,Viviendas,VIVIENDAS,67,,,,
Telde,35026,2019,2019,Obra nueva,OBRA_NUEVA,Viviendas,VIVIENDAS,118,,,,
Teror,35027,2012,2012,Demolición,DEMOLICION,Viviendas,VIVIENDAS,0,,,,
Teror,35027,2013,2013,Demolición,DEMOLICION,Viviendas,VIVIENDAS,0,,,,
Teror,35027,2014,2014,Demolición,DEMOLICION,Viviendas,VIVIENDAS,0,,,,
Teror,35027,2015,2015,Demolición,DEMOLICION,Viviendas,VIVIENDAS,0,,,,
Teror,35027,2016,2016,Demolición,DEMOLICION,Viviendas,VIVIENDAS,0,,,,
Teror,35027,2017,2017,Demolición,DEMOLICION,Viviendas,VIVIENDAS,0,,,,
Teror,35027,2018,2018,Demolición,DEMOLICION,Viviendas,VIVIENDAS,0,,,,
Teror,35027,2019,2019,Demolición,DEMOLICION,Viviendas,VIVIENDAS,0,,,,
Teror,35027,2012,2012,Rehabilitación,REHABILITACION,Viviendas,VIVIENDAS,1,,,,
Teror,35027,2013,2013,Rehabilitación,REHABILITACION,Viviendas,VIVIENDAS,0,,,,
Teror,35027,2014,2014,Rehabilitación,REHABILITACION,Viviendas,VIVIENDAS,0,,,,
Teror,35027,2015,2015,Rehabilitación,REHABILITACION,Viviendas,VIVIENDAS,0,,,,
Teror,35027,2016,2016,Rehabilitación,REHABILITACION,Viviendas,VIVIENDAS,0,,,,
Teror,35027,2017,2017,Rehabilitación,REHABILITACION,Viviendas,VIVIENDAS,3,,,,
Teror,35027,2018,2018,Rehabilitación,REHABILITACION,Viviendas,VIVIENDAS,1,,,,
Teror,35027,2019,2019,Rehabilitación,REHABILITACION,Viviendas,VIVIENDAS,1,,,,
Teror,35027,2012,2012,Saldo de viviendas,SALDO_VIVIENDAS,Viviendas,VIVIENDAS,3,,,,
Teror,35027,2013,2013,Saldo de viviendas,SALDO_VIVIENDAS,Viviendas,VIVIENDAS,1,,,,
Teror,35027,2014,2014,Saldo de viviendas,SALDO_VIVIENDAS,Viviendas,VIVIENDAS,0,,,,
Teror,35027,2015,2015,Saldo de viviendas,SALDO_VIVIENDAS,Viviendas,VIVIENDAS,4,,,,
Teror,35027,2016,2016,Saldo de viviendas,SALDO_VIVIENDAS,Viviendas,VIVIENDAS,0,,,,
Teror,35027,2017,2017,Saldo de viviendas,SALDO_VIVIENDAS,Viviendas,VIVIENDAS,3,,,,
Teror,35027,2018,2018,Saldo de viviendas,SALDO_VIVIENDAS,Viviendas,VIVIENDAS,4,,,,
Teror,35027,2019,2019,Saldo de viviendas,SALDO_VIVIENDAS,Viviendas,VIVIENDAS,2,,,,
Teror,35027,2012,2012,Obra nueva,OBRA_NUEVA,Viviendas,VIVIENDAS,2,,,,
Teror,35027,2013,2013,Obra nueva,OBRA_NUEVA,Viviendas,VIVIENDAS,1,,,,
Teror,35027,2014,2014,Obra nueva,OBRA_NUEVA,Viviendas,VIVIENDAS,0,,,,
Teror,35027,2015,2015,Obra nueva,OBRA_NUEVA,Viviendas,VIVIENDAS,4,,,,
Teror,35027,2016,2016,Obra nueva,OBRA_NUEVA,Viviendas,VIVIENDAS,0,,,,
Teror,35027,2017,2017,Obra nueva,OBRA_NUEVA,Viviendas,VIVIENDAS,0,,,,
Teror,35027,2018,2018,Obra nueva,OBRA_NUEVA,Viviendas,VIVIENDAS,3,,,,
Teror,35027,2019,2019,Obra nueva,OBRA_NUEVA,Viviendas,VIVIENDAS,1,,,,
Valsequillo de Gran Canaria,35031,2012,2012,Demolición,DEMOLICION,Viviendas,VIVIENDAS,0,,,,
Valsequillo de Gran Canaria,35031,2013,2013,Demolición,DEMOLICION,Viviendas,VIVIENDAS,0,,,,
Valsequillo de Gran Canaria,35031,2014,2014,Demolición,DEMOLICION,Viviendas,VIVIENDAS,0,,,,
Valsequillo de Gran Canaria,35031,2015,2015,Demolición,DEMOLICION,Viviendas,VIVIENDAS,0,,,,
Valsequillo de Gran Canaria,35031,2016,2016,Demolición,DEMOLICION,Viviendas,VIVIENDAS,0,,,,
Valsequillo de Gran Canaria,35031,2017,2017,Demolición,DEMOLICION,Viviendas,VIVIENDAS,0,,,,
Valsequillo de Gran Canaria,35031,2018,2018,Demolición,DEMOLICION,Viviendas,VIVIENDAS,0,,,,
Valsequillo de Gran Canaria,35031,2019,2019,Demolición,DEMOLICION,Viviendas,VIVIENDAS,0,,,,
Valsequillo de Gran Canaria,35031,2012,2012,Rehabilitación,REHABILITACION,Viviendas,VIVIENDAS,1,,,,
Valsequillo de Gran Canaria,35031,2013,2013,Rehabilitación,REHABILITACION,Viviendas,VIVIENDAS,0,,,,
Valsequillo de Gran Canaria,35031,2014,2014,Rehabilitación,REHABILITACION,Viviendas,VIVIENDAS,1,,,,
Valsequillo de Gran Canaria,35031,2015,2015,Rehabilitación,REHABILITACION,Viviendas,VIVIENDAS,1,,,,
Valsequillo de Gran Canaria,35031,2016,2016,Rehabilitación,REHABILITACION,Viviendas,VIVIENDAS,0,,,,
Valsequillo de Gran Canaria,35031,2017,2017,Rehabilitación,REHABILITACION,Viviendas,VIVIENDAS,0,,,,
Valsequillo de Gran Canaria,35031,2018,2018,Rehabilitación,REHABILITACION,Viviendas,VIVIENDAS,1,,,,
Valsequillo de Gran Canaria,35031,2019,2019,Rehabilitación,REHABILITACION,Viviendas,VIVIENDAS,1,,,,
Valsequillo de Gran Canaria,35031,2012,2012,Saldo de viviendas,SALDO_VIVIENDAS,Viviendas,VIVIENDAS,5,,,,
Valsequillo de Gran Canaria,35031,2013,2013,Saldo de viviendas,SALDO_VIVIENDAS,Viviendas,VIVIENDAS,2,,,,
Valsequillo de Gran Canaria,35031,2014,2014,Saldo de viviendas,SALDO_VIVIENDAS,Viviendas,VIVIENDAS,3,,,,
Valsequillo de Gran Canaria,35031,2015,2015,Saldo de viviendas,SALDO_VIVIENDAS,Viviendas,VIVIENDAS,1,,,,
Valsequillo de Gran Canaria,35031,2016,2016,Saldo de viviendas,SALDO_VIVIENDAS,Viviendas,VIVIENDAS,2,,,,
Valsequillo de Gran Canaria,35031,2017,2017,Saldo de viviendas,SALDO_VIVIENDAS,Viviendas,VIVIENDAS,2,,,,
Valsequillo de Gran Canaria,35031,2018,2018,Saldo de viviendas,SALDO_VIVIENDAS,Viviendas,VIVIENDAS,3,,,,
Valsequillo de Gran Canaria,35031,2019,2019,Saldo de viviendas,SALDO_VIVIENDAS,Viviendas,VIVIENDAS,10,,,,
Valsequillo de Gran Canaria,35031,2012,2012,Obra nueva,OBRA_NUEVA,Viviendas,VIVIENDAS,4,,,,
Valsequillo de Gran Canaria,35031,2013,2013,Obra nueva,OBRA_NUEVA,Viviendas,VIVIENDAS,2,,,,
Valsequillo de Gran Canaria,35031,2014,2014,Obra nueva,OBRA_NUEVA,Viviendas,VIVIENDAS,2,,,,
Valsequillo de Gran Canaria,35031,2015,2015,Obra nueva,OBRA_NUEVA,Viviendas,VIVIENDAS,0,,,,
Valsequillo de Gran Canaria,35031,2016,2016,Obra nueva,OBRA_NUEVA,Viviendas,VIVIENDAS,2,,,,
Valsequillo de Gran Canaria,35031,2017,2017,Obra nueva,OBRA_NUEVA,Viviendas,VIVIENDAS,2,,,,
Valsequillo de Gran Canaria,35031,2018,2018,Obra nueva,OBRA_NUEVA,Viviendas,VIVIENDAS,2,,,,
Valsequillo de Gran Canaria,35031,2019,2019,Obra nueva,OBRA_NUEVA,Viviendas,VIVIENDAS,9,,,,
Valleseco,35032,2012,2012,Demolición,DEMOLICION,Viviendas,VIVIENDAS,0,,,,
Valleseco,35032,2013,2013,Demolición,DEMOLICION,Viviendas,VIVIENDAS,0,,,,
Valleseco,35032,2014,2014,Demolición,DEMOLICION,Viviendas,VIVIENDAS,0,,,,
Valleseco,35032,2015,2015,Demolición,DEMOLICION,Viviendas,VIVIENDAS,0,,,,
Valleseco,35032,2016,2016,Demolición,DEMOLICION,Viviendas,VIVIENDAS,0,,,,
Valleseco,35032,2017,2017,Demolición,DEMOLICION,Viviendas,VIVIENDAS,0,,,,
Valleseco,35032,2018,2018,Demolición,DEMOLICION,Viviendas,VIVIENDAS,0,,,,
Valleseco,35032,2019,2019,Demolición,DEMOLICION,Viviendas,VIVIENDAS,0,,,,
Valleseco,35032,2012,2012,Rehabilitación,REHABILITACION,Viviendas,VIVIENDAS,0,,,,
Valleseco,35032,2013,2013,Rehabilitación,REHABILITACION,Viviendas,VIVIENDAS,1,,,,
Valleseco,35032,2014,2014,Rehabilitación,REHABILITACION,Viviendas,VIVIENDAS,0,,,,
Valleseco,35032,2015,2015,Rehabilitación,REHABILITACION,Viviendas,VIVIENDAS,0,,,,
Valleseco,35032,2016,2016,Rehabilitación,REHABILITACION,Viviendas,VIVIENDAS,2,,,,
Valleseco,35032,2017,2017,Rehabilitación,REHABILITACION,Viviendas,VIVIENDAS,2,,,,
Valleseco,35032,2018,2018,Rehabilitación,REHABILITACION,Viviendas,VIVIENDAS,2,,,,
Valleseco,35032,2019,2019,Rehabilitación,REHABILITACION,Viviendas,VIVIENDAS,0,,,,
Valleseco,35032,2012,2012,Saldo de viviendas,SALDO_VIVIENDAS,Viviendas,VIVIENDAS,0,,,,
Valleseco,35032,2013,2013,Saldo de viviendas,SALDO_VIVIENDAS,Viviendas,VIVIENDAS,4,,,,
Valleseco,35032,2014,2014,Saldo de viviendas,SALDO_VIVIENDAS,Viviendas,VIVIENDAS,0,,,,
Valleseco,35032,2015,2015,Saldo de viviendas,SALDO_VIVIENDAS,Viviendas,VIVIENDAS,0,,,,
Valleseco,35032,2016,2016,Saldo de viviendas,SALDO_VIVIENDAS,Viviendas,VIVIENDAS,3,,,,
Valleseco,35032,2017,2017,Saldo de viviendas,SALDO_VIVIENDAS,Viviendas,VIVIENDAS,2,,,,
Valleseco,35032,2018,2018,Saldo de viviendas,SALDO_VIVIENDAS,Viviendas,VIVIENDAS,3,,,,
Valleseco,35032,2019,2019,Saldo de viviendas,SALDO_VIVIENDAS,Viviendas,VIVIENDAS,0,,,,
Valleseco,35032,2012,2012,Obra nueva,OBRA_NUEVA,Viviendas,VIVIENDAS,0,,,,
Valleseco,35032,2013,2013,Obra nueva,OBRA_NUEVA,Viviendas,VIVIENDAS,3,,,,
Valleseco,35032,2014,2014,Obra nueva,OBRA_NUEVA,Viviendas,VIVIENDAS,0,,,,
Valleseco,35032,2015,2015,Obra nueva,OBRA_NUEVA,Viviendas,VIVIENDAS,0,,,,
Valleseco,35032,2016,2016,Obra nueva,OBRA_NUEVA,Viviendas,VIVIENDAS,1,,,,
Valleseco,35032,2017,2017,Obra nueva,OBRA_NUEVA,Viviendas,VIVIENDAS,0,,,,
Valleseco,35032,2018,2018,Obra nueva,OBRA_NUEVA,Viviendas,VIVIENDAS,1,,,,
Valleseco,35032,2019,2019,Obra nueva,OBRA_NUEVA,Viviendas,VIVIENDAS,0,,,,
Vega de San Mateo,35033,2012,2012,Demolición,DEMOLICION,Viviendas,VIVIENDAS,0,,,,
Vega de San Mateo,35033,2013,2013,Demolición,DEMOLICION,Viviendas,VIVIENDAS,0,,,,
Vega de San Mateo,35033,2014,2014,Demolición,DEMOLICION,Viviendas,VIVIENDAS,0,,,,
Vega de San Mateo,35033,2015,2015,Demolición,DEMOLICION,Viviendas,VIVIENDAS,0,,,,
Vega de San Mateo,35033,2016,2016,Demolición,DEMOLICION,Viviendas,VIVIENDAS,0,,,,
Vega de San Mateo,35033,2017,2017,Demolición,DEMOLICION,Viviendas,VIVIENDAS,0,,,,
Vega de San Mateo,35033,2018,2018,Demolición,DEMOLICION,Viviendas,VIVIENDAS,1,,,,
Vega de San Mateo,35033,2019,2019,Demolición,DEMOLICION,Viviendas,VIVIENDAS,0,,,,
Vega de San Mateo,35033,2012,2012,Rehabilitación,REHABILITACION,Viviendas,VIVIENDAS,1,,,,
Vega de San Mateo,35033,2013,2013,Rehabilitación,REHABILITACION,Viviendas,VIVIENDAS,0,,,,
Vega de San Mateo,35033,2014,2014,Rehabilitación,REHABILITACION,Viviendas,VIVIENDAS,0,,,,
Vega de San Mateo,35033,2015,2015,Rehabilitación,REHABILITACION,Viviendas,VIVIENDAS,0,,,,
Vega de San Mateo,35033,2016,2016,Rehabilitación,REHABILITACION,Viviendas,VIVIENDAS,0,,,,
Vega de San Mateo,35033,2017,2017,Rehabilitación,REHABILITACION,Viviendas,VIVIENDAS,0,,,,
Vega de San Mateo,35033,2018,2018,Rehabilitación,REHABILITACION,Viviendas,VIVIENDAS,0,,,,
Vega de San Mateo,35033,2019,2019,Rehabilitación,REHABILITACION,Viviendas,VIVIENDAS,0,,,,
Vega de San Mateo,35033,2012,2012,Saldo de viviendas,SALDO_VIVIENDAS,Viviendas,VIVIENDAS,2,,,,
Vega de San Mateo,35033,2013,2013,Saldo de viviendas,SALDO_VIVIENDAS,Viviendas,VIVIENDAS,0,,,,
Vega de San Mateo,35033,2014,2014,Saldo de viviendas,SALDO_VIVIENDAS,Viviendas,VIVIENDAS,0,,,,
Vega de San Mateo,35033,2015,2015,Saldo de viviendas,SALDO_VIVIENDAS,Viviendas,VIVIENDAS,0,,,,
Vega de San Mateo,35033,2016,2016,Saldo de viviendas,SALDO_VIVIENDAS,Viviendas,VIVIENDAS,0,,,,
Vega de San Mateo,35033,2017,2017,Saldo de viviendas,SALDO_VIVIENDAS,Viviendas,VIVIENDAS,0,,,,
Vega de San Mateo,35033,2018,2018,Saldo de viviendas,SALDO_VIVIENDAS,Viviendas,VIVIENDAS,1,,,,
Vega de San Mateo,35033,2019,2019,Saldo de viviendas,SALDO_VIVIENDAS,Viviendas,VIVIENDAS,0,,,,
Vega de San Mateo,35033,2012,2012,Obra nueva,OBRA_NUEVA,Viviendas,VIVIENDAS,1,,,,
Vega de San Mateo,35033,2013,2013,Obra nueva,OBRA_NUEVA,Viviendas,VIVIENDAS,0,,,,
Vega de San Mateo,35033,2014,2014,Obra nueva,OBRA_NUEVA,Viviendas,VIVIENDAS,0,,,,
Vega de San Mateo,35033,2015,2015,Obra nueva,OBRA_NUEVA,Viviendas,VIVIENDAS,0,,,,
Vega de San Mateo,35033,2016,2016,Obra nueva,OBRA_NUEVA,Viviendas,VIVIENDAS,0,,,,
Vega de San Mateo,35033,2017,2017,Obra nueva,OBRA_NUEVA,Viviendas,VIVIENDAS,0,,,,
Vega de San Mateo,35033,2018,2018,Obra nueva,OBRA_NUEVA,Viviendas,VIVIENDAS,2,,,,
Vega de San Mateo,35033,2019,2019,Obra nueva,OBRA_NUEVA,Viviendas,VIVIENDAS,0,,,,
Adeje,38001,2012,2012,Demolición,DEMOLICION,Viviendas,VIVIENDAS,0,,,,
Adeje,38001,2013,2013,Demolición,DEMOLICION,Viviendas,VIVIENDAS,0,,,,
Adeje,38001,2014,2014,Demolición,DEMOLICION,Viviendas,VIVIENDAS,0,,,,
Adeje,38001,2015,2015,Demolición,DEMOLICION,Viviendas,VIVIENDAS,0,,,,
Adeje,38001,2016,2016,Demolición,DEMOLICION,Viviendas,VIVIENDAS,0,,,,
Adeje,38001,2017,2017,Demolición,DEMOLICION,Viviendas,VIVIENDAS,2,,,,
Adeje,38001,2018,2018,Demolición,DEMOLICION,Viviendas,VIVIENDAS,0,,,,
Adeje,38001,2019,2019,Demolición,DEMOLICION,Viviendas,VIVIENDAS,2,,,,
Adeje,38001,2012,2012,Rehabilitación,REHABILITACION,Viviendas,VIVIENDAS,0,,,,
Adeje,38001,2013,2013,Rehabilitación,REHABILITACION,Viviendas,VIVIENDAS,2,,,,
Adeje,38001,2014,2014,Rehabilitación,REHABILITACION,Viviendas,VIVIENDAS,1,,,,
Adeje,38001,2015,2015,Rehabilitación,REHABILITACION,Viviendas,VIVIENDAS,3,,,,
Adeje,38001,2016,2016,Rehabilitación,REHABILITACION,Viviendas,VIVIENDAS,34,,,,
Adeje,38001,2017,2017,Rehabilitación,REHABILITACION,Viviendas,VIVIENDAS,0,,,,
Adeje,38001,2018,2018,Rehabilitación,REHABILITACION,Viviendas,VIVIENDAS,0,,,,
Adeje,38001,2019,2019,Rehabilitación,REHABILITACION,Viviendas,VIVIENDAS,38,,,,
Adeje,38001,2012,2012,Saldo de viviendas,SALDO_VIVIENDAS,Viviendas,VIVIENDAS,19,,,,
Adeje,38001,2013,2013,Saldo de viviendas,SALDO_VIVIENDAS,Viviendas,VIVIENDAS,19,,,,
Adeje,38001,2014,2014,Saldo de viviendas,SALDO_VIVIENDAS,Viviendas,VIVIENDAS,31,,,,
Adeje,38001,2015,2015,Saldo de viviendas,SALDO_VIVIENDAS,Viviendas,VIVIENDAS,38,,,,
Adeje,38001,2016,2016,Saldo de viviendas,SALDO_VIVIENDAS,Viviendas,VIVIENDAS,81,,,,
Adeje,38001,2017,2017,Saldo de viviendas,SALDO_VIVIENDAS,Viviendas,VIVIENDAS,434,,,,
Adeje,38001,2018,2018,Saldo de viviendas,SALDO_VIVIENDAS,Viviendas,VIVIENDAS,136,,,,
Adeje,38001,2019,2019,Saldo de viviendas,SALDO_VIVIENDAS,Viviendas,VIVIENDAS,340,,,,
Adeje,38001,2012,2012,Obra nueva,OBRA_NUEVA,Viviendas,VIVIENDAS,19,,,,
Adeje,38001,2013,2013,Obra nueva,OBRA_NUEVA,Viviendas,VIVIENDAS,17,,,,
Adeje,38001,2014,2014,Obra nueva,OBRA_NUEVA,Viviendas,VIVIENDAS,30,,,,
Adeje,38001,2015,2015,Obra nueva,OBRA_NUEVA,Viviendas,VIVIENDAS,35,,,,
Adeje,38001,2016,2016,Obra nueva,OBRA_NUEVA,Viviendas,VIVIENDAS,47,,,,
Adeje,38001,2017,2017,Obra nueva,OBRA_NUEVA,Viviendas,VIVIENDAS,436,,,,
Adeje,38001,2018,2018,Obra nueva,OBRA_NUEVA,Viviendas,VIVIENDAS,136,,,,
Adeje,38001,2019,2019,Obra nueva,OBRA_NUEVA,Viviendas,VIVIENDAS,304,,,,
Arafo,38004,2012,2012,Demolición,DEMOLICION,Viviendas,VIVIENDAS,0,,,,
Arafo,38004,2013,2013,Demolición,DEMOLICION,Viviendas,VIVIENDAS,0,,,,
Arafo,38004,2014,2014,Demolición,DEMOLICION,Viviendas,VIVIENDAS,0,,,,
Arafo,38004,2015,2015,Demolición,DEMOLICION,Viviendas,VIVIENDAS,0,,,,
Arafo,38004,2016,2016,Demolición,DEMOLICION,Viviendas,VIVIENDAS,0,,,,
Arafo,38004,2017,2017,Demolición,DEMOLICION,Viviendas,VIVIENDAS,0,,,,
Arafo,38004,2018,2018,Demolición,DEMOLICION,Viviendas,VIVIENDAS,0,,,,
Arafo,38004,2019,2019,Demolición,DEMOLICION,Viviendas,VIVIENDAS,0,,,,
Arafo,38004,2012,2012,Rehabilitación,REHABILITACION,Viviendas,VIVIENDAS,0,,,,
Arafo,38004,2013,2013,Rehabilitación,REHABILITACION,Viviendas,VIVIENDAS,0,,,,
Arafo,38004,2014,2014,Rehabilitación,REHABILITACION,Viviendas,VIVIENDAS,0,,,,
Arafo,38004,2015,2015,Rehabilitación,REHABILITACION,Viviendas,VIVIENDAS,0,,,,
Arafo,38004,2016,2016,Rehabilitación,REHABILITACION,Viviendas,VIVIENDAS,0,,,,
Arafo,38004,2017,2017,Rehabilitación,REHABILITACION,Viviendas,VIVIENDAS,0,,,,
Arafo,38004,2018,2018,Rehabilitación,REHABILITACION,Viviendas,VIVIENDAS,0,,,,
Arafo,38004,2019,2019,Rehabilitación,REHABILITACION,Viviendas,VIVIENDAS,0,,,,
Arafo,38004,2012,2012,Saldo de viviendas,SALDO_VIVIENDAS,Viviendas,VIVIENDAS,5,,,,
Arafo,38004,2013,2013,Saldo de viviendas,SALDO_VIVIENDAS,Viviendas,VIVIENDAS,0,,,,
Arafo,38004,2014,2014,Saldo de viviendas,SALDO_VIVIENDAS,Viviendas,VIVIENDAS,0,,,,
Arafo,38004,2015,2015,Saldo de viviendas,SALDO_VIVIENDAS,Viviendas,VIVIENDAS,0,,,,
Arafo,38004,2016,2016,Saldo de viviendas,SALDO_VIVIENDAS,Viviendas,VIVIENDAS,0,,,,
Arafo,38004,2017,2017,Saldo de viviendas,SALDO_VIVIENDAS,Viviendas,VIVIENDAS,1,,,,
Arafo,38004,2018,2018,Saldo de viviendas,SALDO_VIVIENDAS,Viviendas,VIVIENDAS,0,,,,
Arafo,38004,2019,2019,Saldo de viviendas,SALDO_VIVIENDAS,Viviendas,VIVIENDAS,1,,,,
Arafo,38004,2012,2012,Obra nueva,OBRA_NUEVA,Viviendas,VIVIENDAS,5,,,,
Arafo,38004,2013,2013,Obra nueva,OBRA_NUEVA,Viviendas,VIVIENDAS,0,,,,
Arafo,38004,2014,2014,Obra nueva,OBRA_NUEVA,Viviendas,VIVIENDAS,0,,,,
Arafo,38004,2015,2015,Obra nueva,OBRA_NUEVA,Viviendas,VIVIENDAS,0,,,,
Arafo,38004,2016,2016,Obra nueva,OBRA_NUEVA,Viviendas,VIVIENDAS,0,,,,
Arafo,38004,2017,2017,Obra nueva,OBRA_NUEVA,Viviendas,VIVIENDAS,1,,,,
Arafo,38004,2018,2018,Obra nueva,OBRA_NUEVA,Viviendas,VIVIENDAS,0,,,,
Arafo,38004,2019,2019,Obra nueva,OBRA_NUEVA,Viviendas,VIVIENDAS,1,,,,
Arico,38005,2012,2012,Demolición,DEMOLICION,Viviendas,VIVIENDAS,1,,,,
Arico,38005,2013,2013,Demolición,DEMOLICION,Viviendas,VIVIENDAS,0,,,,
Arico,38005,2014,2014,Demolición,DEMOLICION,Viviendas,VIVIENDAS,0,,,,
Arico,38005,2015,2015,Demolición,DEMOLICION,Viviendas,VIVIENDAS,0,,,,
Arico,38005,2016,2016,Demolición,DEMOLICION,Viviendas,VIVIENDAS,0,,,,
Arico,38005,2017,2017,Demolición,DEMOLICION,Viviendas,VIVIENDAS,0,,,,
Arico,38005,2018,2018,Demolición,DEMOLICION,Viviendas,VIVIENDAS,0,,,,
Arico,38005,2019,2019,Demolición,DEMOLICION,Viviendas,VIVIENDAS,0,,,,
Arico,38005,2012,2012,Rehabilitación,REHABILITACION,Viviendas,VIVIENDAS,5,,,,
Arico,38005,2013,2013,Rehabilitación,REHABILITACION,Viviendas,VIVIENDAS,0,,,,
Arico,38005,2014,2014,Rehabilitación,REHABILITACION,Viviendas,VIVIENDAS,2,,,,
Arico,38005,2015,2015,Rehabilitación,REHABILITACION,Viviendas,VIVIENDAS,0,,,,
Arico,38005,2016,2016,Rehabilitación,REHABILITACION,Viviendas,VIVIENDAS,1,,,,
Arico,38005,2017,2017,Rehabilitación,REHABILITACION,Viviendas,VIVIENDAS,0,,,,
Arico,38005,2018,2018,Rehabilitación,REHABILITACION,Viviendas,VIVIENDAS,0,,,,
Arico,38005,2019,2019,Rehabilitación,REHABILITACION,Viviendas,VIVIENDAS,0,,,,
Arico,38005,2012,2012,Saldo de viviendas,SALDO_VIVIENDAS,Viviendas,VIVIENDAS,7,,,,
Arico,38005,2013,2013,Saldo de viviendas,SALDO_VIVIENDAS,Viviendas,VIVIENDAS,1,,,,
Arico,38005,2014,2014,Saldo de viviendas,SALDO_VIVIENDAS,Viviendas,VIVIENDAS,3,,,,
Arico,38005,2015,2015,Saldo de viviendas,SALDO_VIVIENDAS,Viviendas,VIVIENDAS,5,,,,
Arico,38005,2016,2016,Saldo de viviendas,SALDO_VIVIENDAS,Viviendas,VIVIENDAS,1,,,,
Arico,38005,2017,2017,Saldo de viviendas,SALDO_VIVIENDAS,Viviendas,VIVIENDAS,38,,,,
Arico,38005,2018,2018,Saldo de viviendas,SALDO_VIVIENDAS,Viviendas,VIVIENDAS,4,,,,
Arico,38005,2019,2019,Saldo de viviendas,SALDO_VIVIENDAS,Viviendas,VIVIENDAS,89,,,,
Arico,38005,2012,2012,Obra nueva,OBRA_NUEVA,Viviendas,VIVIENDAS,3,,,,
Arico,38005,2013,2013,Obra nueva,OBRA_NUEVA,Viviendas,VIVIENDAS,1,,,,
Arico,38005,2014,2014,Obra nueva,OBRA_NUEVA,Viviendas,VIVIENDAS,1,,,,
Arico,38005,2015,2015,Obra nueva,OBRA_NUEVA,Viviendas,VIVIENDAS,5,,,,
Arico,38005,2016,2016,Obra nueva,OBRA_NUEVA,Viviendas,VIVIENDAS,0,,,,
Arico,38005,2017,2017,Obra nueva,OBRA_NUEVA,Viviendas,VIVIENDAS,38,,,,
Arico,38005,2018,2018,Obra nueva,OBRA_NUEVA,Viviendas,VIVIENDAS,4,,,,
Arico,38005,2019,2019,Obra nueva,OBRA_NUEVA,Viviendas,VIVIENDAS,89,,,,
Arona,38006,2012,2012,Demolición,DEMOLICION,Viviendas,VIVIENDAS,0,,,,
Arona,38006,2013,2013,Demolición,DEMOLICION,Viviendas,VIVIENDAS,8,,,,
Arona,38006,2014,2014,Demolición,DEMOLICION,Viviendas,VIVIENDAS,0,,,,
Arona,38006,2015,2015,Demolición,DEMOLICION,Viviendas,VIVIENDAS,6,,,,
Arona,38006,2016,2016,Demolición,DEMOLICION,Viviendas,VIVIENDAS,1,,,,
Arona,38006,2017,2017,Demolición,DEMOLICION,Viviendas,VIVIENDAS,5,,,,
Arona,38006,2018,2018,Demolición,DEMOLICION,Viviendas,VIVIENDAS,0,,,,
Arona,38006,2019,2019,Demolición,DEMOLICION,Viviendas,VIVIENDAS,,,,Valor no disponible,O
Arona,38006,2012,2012,Rehabilitación,REHABILITACION,Viviendas,VIVIENDAS,1,,,,
Arona,38006,2013,2013,Rehabilitación,REHABILITACION,Viviendas,VIVIENDAS,0,,,,
Arona,38006,2014,2014,Rehabilitación,REHABILITACION,Viviendas,VIVIENDAS,2,,,,
Arona,38006,2015,2015,Rehabilitación,REHABILITACION,Viviendas,VIVIENDAS,8,,,,
Arona,38006,2016,2016,Rehabilitación,REHABILITACION,Viviendas,VIVIENDAS,4,,,,
Arona,38006,2017,2017,Rehabilitación,REHABILITACION,Viviendas,VIVIENDAS,17,,,,
Arona,38006,2018,2018,Rehabilitación,REHABILITACION,Viviendas,VIVIENDAS,175,,,,
Arona,38006,2019,2019,Rehabilitación,REHABILITACION,Viviendas,VIVIENDAS,,,,Valor no disponible,O
Arona,38006,2012,2012,Saldo de viviendas,SALDO_VIVIENDAS,Viviendas,VIVIENDAS,31,,,,
Arona,38006,2013,2013,Saldo de viviendas,SALDO_VIVIENDAS,Viviendas,VIVIENDAS,-5,,,,
Arona,38006,2014,2014,Saldo de viviendas,SALDO_VIVIENDAS,Viviendas,VIVIENDAS,4,,,,
Arona,38006,2015,2015,Saldo de viviendas,SALDO_VIVIENDAS,Viviendas,VIVIENDAS,44,,,,
Arona,38006,2016,2016,Saldo de viviendas,SALDO_VIVIENDAS,Viviendas,VIVIENDAS,12,,,,
Arona,38006,2017,2017,Saldo de viviendas,SALDO_VIVIENDAS,Viviendas,VIVIENDAS,232,,,,
Arona,38006,2018,2018,Saldo de viviendas,SALDO_VIVIENDAS,Viviendas,VIVIENDAS,226,,,,
Arona,38006,2019,2019,Saldo de viviendas,SALDO_VIVIENDAS,Viviendas,VIVIENDAS,,,,Valor no disponible,O
Arona,38006,2012,2012,Obra nueva,OBRA_NUEVA,Viviendas,VIVIENDAS,30,,,,
Arona,38006,2013,2013,Obra nueva,OBRA_NUEVA,Viviendas,VIVIENDAS,3,,,,
Arona,38006,2014,2014,Obra nueva,OBRA_NUEVA,Viviendas,VIVIENDAS,2,,,,
Arona,38006,2015,2015,Obra nueva,OBRA_NUEVA,Viviendas,VIVIENDAS,42,,,,
Arona,38006,2016,2016,Obra nueva,OBRA_NUEVA,Viviendas,VIVIENDAS,9,,,,
Arona,38006,2017,2017,Obra nueva,OBRA_NUEVA,Viviendas,VIVIENDAS,220,,,,
Arona,38006,2018,2018,Obra nueva,OBRA_NUEVA,Viviendas,VIVIENDAS,51,,,,
Arona,38006,2019,2019,Obra nueva,OBRA_NUEVA,Viviendas,VIVIENDAS,,,,Valor no disponible,O
Buenavista del Norte,38010,2012,2012,Demolición,DEMOLICION,Viviendas,VIVIENDAS,0,,,,
Buenavista del Norte,38010,2013,2013,Demolición,DEMOLICION,Viviendas,VIVIENDAS,0,,,,
Buenavista del Norte,38010,2014,2014,Demolición,DEMOLICION,Viviendas,VIVIENDAS,0,,,,
Buenavista del Norte,38010,2015,2015,Demolición,DEMOLICION,Viviendas,VIVIENDAS,0,,,,
Buenavista del Norte,38010,2016,2016,Demolición,DEMOLICION,Viviendas,VIVIENDAS,1,,,,
Buenavista del Norte,38010,2017,2017,Demolición,DEMOLICION,Viviendas,VIVIENDAS,1,,,,
Buenavista del Norte,38010,2018,2018,Demolición,DEMOLICION,Viviendas,VIVIENDAS,0,,,,
Buenavista del Norte,38010,2019,2019,Demolición,DEMOLICION,Viviendas,VIVIENDAS,0,,,,
Buenavista del Norte,38010,2012,2012,Rehabilitación,REHABILITACION,Viviendas,VIVIENDAS,1,,,,
Buenavista del Norte,38010,2013,2013,Rehabilitación,REHABILITACION,Viviendas,VIVIENDAS,0,,,,
Buenavista del Norte,38010,2014,2014,Rehabilitación,REHABILITACION,Viviendas,VIVIENDAS,0,,,,
Buenavista del Norte,38010,2015,2015,Rehabilitación,REHABILITACION,Viviendas,VIVIENDAS,0,,,,
Buenavista del Norte,38010,2016,2016,Rehabilitación,REHABILITACION,Viviendas,VIVIENDAS,0,,,,
Buenavista del Norte,38010,2017,2017,Rehabilitación,REHABILITACION,Viviendas,VIVIENDAS,1,,,,
Buenavista del Norte,38010,2018,2018,Rehabilitación,REHABILITACION,Viviendas,VIVIENDAS,0,,,,
Buenavista del Norte,38010,2019,2019,Rehabilitación,REHABILITACION,Viviendas,VIVIENDAS,2,,,,
Buenavista del Norte,38010,2012,2012,Saldo de viviendas,SALDO_VIVIENDAS,Viviendas,VIVIENDAS,5,,,,
Buenavista del Norte,38010,2013,2013,Saldo de viviendas,SALDO_VIVIENDAS,Viviendas,VIVIENDAS,1,,,,
Buenavista del Norte,38010,2014,2014,Saldo de viviendas,SALDO_VIVIENDAS,Viviendas,VIVIENDAS,1,,,,
Buenavista del Norte,38010,2015,2015,Saldo de viviendas,SALDO_VIVIENDAS,Viviendas,VIVIENDAS,0,,,,
Buenavista del Norte,38010,2016,2016,Saldo de viviendas,SALDO_VIVIENDAS,Viviendas,VIVIENDAS,-1,,,,
Buenavista del Norte,38010,2017,2017,Saldo de viviendas,SALDO_VIVIENDAS,Viviendas,VIVIENDAS,0,,,,
Buenavista del Norte,38010,2018,2018,Saldo de viviendas,SALDO_VIVIENDAS,Viviendas,VIVIENDAS,1,,,,
Buenavista del Norte,38010,2019,2019,Saldo de viviendas,SALDO_VIVIENDAS,Viviendas,VIVIENDAS,4,,,,
Buenavista del Norte,38010,2012,2012,Obra nueva,OBRA_NUEVA,Viviendas,VIVIENDAS,4,,,,
Buenavista del Norte,38010,2013,2013,Obra nueva,OBRA_NUEVA,Viviendas,VIVIENDAS,1,,,,
Buenavista del Norte,38010,2014,2014,Obra nueva,OBRA_NUEVA,Viviendas,VIVIENDAS,1,,,,
Buenavista del Norte,38010,2015,2015,Obra nueva,OBRA_NUEVA,Viviendas,VIVIENDAS,0,,,,
Buenavista del Norte,38010,2016,2016,Obra nueva,OBRA_NUEVA,Viviendas,VIVIENDAS,0,,,,
Buenavista del Norte,38010,2017,2017,Obra nueva,OBRA_NUEVA,Viviendas,VIVIENDAS,0,,,,
Buenavista del Norte,38010,2018,2018,Obra nueva,OBRA_NUEVA,Viviendas,VIVIENDAS,1,,,,
Buenavista del Norte,38010,2019,2019,Obra nueva,OBRA_NUEVA,Viviendas,VIVIENDAS,2,,,,
Candelaria,38011,2012,2012,Demolición,DEMOLICION,Viviendas,VIVIENDAS,1,,,,
Candelaria,38011,2013,2013,Demolición,DEMOLICION,Viviendas,VIVIENDAS,0,,,,
Candelaria,38011,2014,2014,Demolición,DEMOLICION,Viviendas,VIVIENDAS,0,,,,
Candelaria,38011,2015,2015,Demolición,DEMOLICION,Viviendas,VIVIENDAS,1,,,,
Candelaria,38011,2016,2016,Demolición,DEMOLICION,Viviendas,VIVIENDAS,0,,,,
Candelaria,38011,2017,2017,Demolición,DEMOLICION,Viviendas,VIVIENDAS,0,,,,
Candelaria,38011,2018,2018,Demolición,DEMOLICION,Viviendas,VIVIENDAS,0,,,,
Candelaria,38011,2019,2019,Demolición,DEMOLICION,Viviendas,VIVIENDAS,1,,,,
Candelaria,38011,2012,2012,Rehabilitación,REHABILITACION,Viviendas,VIVIENDAS,3,,,,
Candelaria,38011,2013,2013,Rehabilitación,REHABILITACION,Viviendas,VIVIENDAS,1,,,,
Candelaria,38011,2014,2014,Rehabilitación,REHABILITACION,Viviendas,VIVIENDAS,2,,,,
Candelaria,38011,2015,2015,Rehabilitación,REHABILITACION,Viviendas,VIVIENDAS,0,,,,
Candelaria,38011,2016,2016,Rehabilitación,REHABILITACION,Viviendas,VIVIENDAS,1,,,,
Candelaria,38011,2017,2017,Rehabilitación,REHABILITACION,Viviendas,VIVIENDAS,2,,,,
Candelaria,38011,2018,2018,Rehabilitación,REHABILITACION,Viviendas,VIVIENDAS,0,,,,
Candelaria,38011,2019,2019,Rehabilitación,REHABILITACION,Viviendas,VIVIENDAS,0,,,,
Candelaria,38011,2012,2012,Saldo de viviendas,SALDO_VIVIENDAS,Viviendas,VIVIENDAS,11,,,,
Candelaria,38011,2013,2013,Saldo de viviendas,SALDO_VIVIENDAS,Viviendas,VIVIENDAS,6,,,,
Candelaria,38011,2014,2014,Saldo de viviendas,SALDO_VIVIENDAS,Viviendas,VIVIENDAS,11,,,,
Candelaria,38011,2015,2015,Saldo de viviendas,SALDO_VIVIENDAS,Viviendas,VIVIENDAS,2,,,,
Candelaria,38011,2016,2016,Saldo de viviendas,SALDO_VIVIENDAS,Viviendas,VIVIENDAS,15,,,,
Candelaria,38011,2017,2017,Saldo de viviendas,SALDO_VIVIENDAS,Viviendas,VIVIENDAS,21,,,,
Candelaria,38011,2018,2018,Saldo de viviendas,SALDO_VIVIENDAS,Viviendas,VIVIENDAS,13,,,,
Candelaria,38011,2019,2019,Saldo de viviendas,SALDO_VIVIENDAS,Viviendas,VIVIENDAS,30,,,,
Candelaria,38011,2012,2012,Obra nueva,OBRA_NUEVA,Viviendas,VIVIENDAS,9,,,,
Candelaria,38011,2013,2013,Obra nueva,OBRA_NUEVA,Viviendas,VIVIENDAS,5,,,,
Candelaria,38011,2014,2014,Obra nueva,OBRA_NUEVA,Viviendas,VIVIENDAS,9,,,,
Candelaria,38011,2015,2015,Obra nueva,OBRA_NUEVA,Viviendas,VIVIENDAS,3,,,,
Candelaria,38011,2016,2016,Obra nueva,OBRA_NUEVA,Viviendas,VIVIENDAS,14,,,,
Candelaria,38011,2017,2017,Obra nueva,OBRA_NUEVA,Viviendas,VIVIENDAS,19,,,,
Candelaria,38011,2018,2018,Obra nueva,OBRA_NUEVA,Viviendas,VIVIENDAS,13,,,,
Candelaria,38011,2019,2019,Obra nueva,OBRA_NUEVA,Viviendas,VIVIENDAS,31,,,,
Fasnia,38012,2012,2012,Demolición,DEMOLICION,Viviendas,VIVIENDAS,0,,,,
Fasnia,38012,2013,2013,Demolición,DEMOLICION,Viviendas,VIVIENDAS,0,,,,
Fasnia,38012,2014,2014,Demolición,DEMOLICION,Viviendas,VIVIENDAS,0,,,,
Fasnia,38012,2015,2015,Demolición,DEMOLICION,Viviendas,VIVIENDAS,0,,,,
Fasnia,38012,2016,2016,Demolición,DEMOLICION,Viviendas,VIVIENDAS,0,,,,
Fasnia,38012,2017,2017,Demolición,DEMOLICION,Viviendas,VIVIENDAS,0,,,,
Fasnia,38012,2018,2018,Demolición,DEMOLICION,Viviendas,VIVIENDAS,0,,,,
Fasnia,38012,2019,2019,Demolición,DEMOLICION,Viviendas,VIVIENDAS,0,,,,
Fasnia,38012,2012,2012,Rehabilitación,REHABILITACION,Viviendas,VIVIENDAS,1,,,,
Fasnia,38012,2013,2013,Rehabilitación,REHABILITACION,Viviendas,VIVIENDAS,0,,,,
Fasnia,38012,2014,2014,Rehabilitación,REHABILITACION,Viviendas,VIVIENDAS,0,,,,
Fasnia,38012,2015,2015,Rehabilitación,REHABILITACION,Viviendas,VIVIENDAS,0,,,,
Fasnia,38012,2016,2016,Rehabilitación,REHABILITACION,Viviendas,VIVIENDAS,0,,,,
Fasnia,38012,2017,2017,Rehabilitación,REHABILITACION,Viviendas,VIVIENDAS,1,,,,
Fasnia,38012,2018,2018,Rehabilitación,REHABILITACION,Viviendas,VIVIENDAS,0,,,,
Fasnia,38012,2019,2019,Rehabilitación,REHABILITACION,Viviendas,VIVIENDAS,0,,,,
Fasnia,38012,2012,2012,Saldo de viviendas,SALDO_VIVIENDAS,Viviendas,VIVIENDAS,2,,,,
Fasnia,38012,2013,2013,Saldo de viviendas,SALDO_VIVIENDAS,Viviendas,VIVIENDAS,1,,,,
Fasnia,38012,2014,2014,Saldo de viviendas,SALDO_VIVIENDAS,Viviendas,VIVIENDAS,0,,,,
Fasnia,38012,2015,2015,Saldo de viviendas,SALDO_VIVIENDAS,Viviendas,VIVIENDAS,1,,,,
Fasnia,38012,2016,2016,Saldo de viviendas,SALDO_VIVIENDAS,Viviendas,VIVIENDAS,2,,,,
Fasnia,38012,2017,2017,Saldo de viviendas,SALDO_VIVIENDAS,Viviendas,VIVIENDAS,2,,,,
Fasnia,38012,2018,2018,Saldo de viviendas,SALDO_VIVIENDAS,Viviendas,VIVIENDAS,4,,,,
Fasnia,38012,2019,2019,Saldo de viviendas,SALDO_VIVIENDAS,Viviendas,VIVIENDAS,3,,,,
Fasnia,38012,2012,2012,Obra nueva,OBRA_NUEVA,Viviendas,VIVIENDAS,1,,,,
Fasnia,38012,2013,2013,Obra nueva,OBRA_NUEVA,Viviendas,VIVIENDAS,1,,,,
Fasnia,38012,2014,2014,Obra nueva,OBRA_NUEVA,Viviendas,VIVIENDAS,0,,,,
Fasnia,38012,2015,2015,Obra nueva,OBRA_NUEVA,Viviendas,VIVIENDAS,1,,,,
Fasnia,38012,2016,2016,Obra nueva,OBRA_NUEVA,Viviendas,VIVIENDAS,2,,,,
Fasnia,38012,2017,2017,Obra nueva,OBRA_NUEVA,Viviendas,VIVIENDAS,1,,,,
Fasnia,38012,2018,2018,Obra nueva,OBRA_NUEVA,Viviendas,VIVIENDAS,4,,,,
Fasnia,38012,2019,2019,Obra nueva,OBRA_NUEVA,Viviendas,VIVIENDAS,3,,,,
Garachico,38015,2012,2012,Demolición,DEMOLICION,Viviendas,VIVIENDAS,1,,,,
Garachico,38015,2013,2013,Demolición,DEMOLICION,Viviendas,VIVIENDAS,1,,,,
Garachico,38015,2014,2014,Demolición,DEMOLICION,Viviendas,VIVIENDAS,0,,,,
Garachico,38015,2015,2015,Demolición,DEMOLICION,Viviendas,VIVIENDAS,1,,,,
Garachico,38015,2016,2016,Demolición,DEMOLICION,Viviendas,VIVIENDAS,0,,,,
Garachico,38015,2017,2017,Demolición,DEMOLICION,Viviendas,VIVIENDAS,0,,,,
Garachico,38015,2018,2018,Demolición,DEMOLICION,Viviendas,VIVIENDAS,0,,,,
Garachico,38015,2019,2019,Demolición,DEMOLICION,Viviendas,VIVIENDAS,0,,,,
Garachico,38015,2012,2012,Rehabilitación,REHABILITACION,Viviendas,VIVIENDAS,4,,,,
Garachico,38015,2013,2013,Rehabilitación,REHABILITACION,Viviendas,VIVIENDAS,1,,,,
Garachico,38015,2014,2014,Rehabilitación,REHABILITACION,Viviendas,VIVIENDAS,1,,,,
Garachico,38015,2015,2015,Rehabilitación,REHABILITACION,Viviendas,VIVIENDAS,0,,,,
Garachico,38015,2016,2016,Rehabilitación,REHABILITACION,Viviendas,VIVIENDAS,3,,,,
Garachico,38015,2017,2017,Rehabilitación,REHABILITACION,Viviendas,VIVIENDAS,3,,,,
Garachico,38015,2018,2018,Rehabilitación,REHABILITACION,Viviendas,VIVIENDAS,3,,,,
Garachico,38015,2019,2019,Rehabilitación,REHABILITACION,Viviendas,VIVIENDAS,0,,,,
Garachico,38015,2012,2012,Saldo de viviendas,SALDO_VIVIENDAS,Viviendas,VIVIENDAS,4,,,,
Garachico,38015,2013,2013,Saldo de viviendas,SALDO_VIVIENDAS,Viviendas,VIVIENDAS,1,,,,
Garachico,38015,2014,2014,Saldo de viviendas,SALDO_VIVIENDAS,Viviendas,VIVIENDAS,2,,,,
Garachico,38015,2015,2015,Saldo de viviendas,SALDO_VIVIENDAS,Viviendas,VIVIENDAS,3,,,,
Garachico,38015,2016,2016,Saldo de viviendas,SALDO_VIVIENDAS,Viviendas,VIVIENDAS,3,,,,
Garachico,38015,2017,2017,Saldo de viviendas,SALDO_VIVIENDAS,Viviendas,VIVIENDAS,4,,,,
Garachico,38015,2018,2018,Saldo de viviendas,SALDO_VIVIENDAS,Viviendas,VIVIENDAS,6,,,,
Garachico,38015,2019,2019,Saldo de viviendas,SALDO_VIVIENDAS,Viviendas,VIVIENDAS,2,,,,
Garachico,38015,2012,2012,Obra nueva,OBRA_NUEVA,Viviendas,VIVIENDAS,1,,,,
Garachico,38015,2013,2013,Obra nueva,OBRA_NUEVA,Viviendas,VIVIENDAS,1,,,,
Garachico,38015,2014,2014,Obra nueva,OBRA_NUEVA,Viviendas,VIVIENDAS,1,,,,
Garachico,38015,2015,2015,Obra nueva,OBRA_NUEVA,Viviendas,VIVIENDAS,4,,,,
Garachico,38015,2016,2016,Obra nueva,OBRA_NUEVA,Viviendas,VIVIENDAS,0,,,,
Garachico,38015,2017,2017,Obra nueva,OBRA_NUEVA,Viviendas,VIVIENDAS,1,,,,
Garachico,38015,2018,2018,Obra nueva,OBRA_NUEVA,Viviendas,VIVIENDAS,3,,,,
Garachico,38015,2019,2019,Obra nueva,OBRA_NUEVA,Viviendas,VIVIENDAS,2,,,,
Granadilla de Abona,38017,2012,2012,Demolición,DEMOLICION,Viviendas,VIVIENDAS,0,,,,
Granadilla de Abona,38017,2013,2013,Demolición,DEMOLICION,Viviendas,VIVIENDAS,0,,,,
Granadilla de Abona,38017,2014,2014,Demolición,DEMOLICION,Viviendas,VIVIENDAS,1,,,,
Granadilla de Abona,38017,2015,2015,Demolición,DEMOLICION,Viviendas,VIVIENDAS,1,,,,
Granadilla de Abona,38017,2016,2016,Demolición,DEMOLICION,Viviendas,VIVIENDAS,0,,,,
Granadilla de Abona,38017,2017,2017,Demolición,DEMOLICION,Viviendas,VIVIENDAS,0,,,,
Granadilla de Abona,38017,2018,2018,Demolición,DEMOLICION,Viviendas,VIVIENDAS,4,,,,
Granadilla de Abona,38017,2019,2019,Demolición,DEMOLICION,Viviendas,VIVIENDAS,2,,,,
Granadilla de Abona,38017,2012,2012,Rehabilitación,REHABILITACION,Viviendas,VIVIENDAS,0,,,,
Granadilla de Abona,38017,2013,2013,Rehabilitación,REHABILITACION,Viviendas,VIVIENDAS,1,,,,
Granadilla de Abona,38017,2014,2014,Rehabilitación,REHABILITACION,Viviendas,VIVIENDAS,2,,,,
Granadilla de Abona,38017,2015,2015,Rehabilitación,REHABILITACION,Viviendas,VIVIENDAS,0,,,,
Granadilla de Abona,38017,2016,2016,Rehabilitación,REHABILITACION,Viviendas,VIVIENDAS,1,,,,
Granadilla de Abona,38017,2017,2017,Rehabilitación,REHABILITACION,Viviendas,VIVIENDAS,1,,,,
Granadilla de Abona,38017,2018,2018,Rehabilitación,REHABILITACION,Viviendas,VIVIENDAS,2,,,,
Granadilla de Abona,38017,2019,2019,Rehabilitación,REHABILITACION,Viviendas,VIVIENDAS,8,,,,
Granadilla de Abona,38017,2012,2012,Saldo de viviendas,SALDO_VIVIENDAS,Viviendas,VIVIENDAS,18,,,,
Granadilla de Abona,38017,2013,2013,Saldo de viviendas,SALDO_VIVIENDAS,Viviendas,VIVIENDAS,1,,,,
Granadilla de Abona,38017,2014,2014,Saldo de viviendas,SALDO_VIVIENDAS,Viviendas,VIVIENDAS,2,,,,
Granadilla de Abona,38017,2015,2015,Saldo de viviendas,SALDO_VIVIENDAS,Viviendas,VIVIENDAS,103,,,,
Granadilla de Abona,38017,2016,2016,Saldo de viviendas,SALDO_VIVIENDAS,Viviendas,VIVIENDAS,6,,,,
Granadilla de Abona,38017,2017,2017,Saldo de viviendas,SALDO_VIVIENDAS,Viviendas,VIVIENDAS,13,,,,
Granadilla de Abona,38017,2018,2018,Saldo de viviendas,SALDO_VIVIENDAS,Viviendas,VIVIENDAS,31,,,,
Granadilla de Abona,38017,2019,2019,Saldo de viviendas,SALDO_VIVIENDAS,Viviendas,VIVIENDAS,108,,,,
Granadilla de Abona,38017,2012,2012,Obra nueva,OBRA_NUEVA,Viviendas,VIVIENDAS,18,,,,
Granadilla de Abona,38017,2013,2013,Obra nueva,OBRA_NUEVA,Viviendas,VIVIENDAS,0,,,,
Granadilla de Abona,38017,2014,2014,Obra nueva,OBRA_NUEVA,Viviendas,VIVIENDAS,1,,,,
Granadilla de Abona,38017,2015,2015,Obra nueva,OBRA_NUEVA,Viviendas,VIVIENDAS,104,,,,
Granadilla de Abona,38017,2016,2016,Obra nueva,OBRA_NUEVA,Viviendas,VIVIENDAS,5,,,,
Granadilla de Abona,38017,2017,2017,Obra nueva,OBRA_NUEVA,Viviendas,VIVIENDAS,12,,,,
Granadilla de Abona,38017,2018,2018,Obra nueva,OBRA_NUEVA,Viviendas,VIVIENDAS,33,,,,
Granadilla de Abona,38017,2019,2019,Obra nueva,OBRA_NUEVA,Viviendas,VIVIENDAS,102,,,,
La Guancha,38018,2012,2012,Demolición,DEMOLICION,Viviendas,VIVIENDAS,0,,,,
La Guancha,38018,2013,2013,Demolición,DEMOLICION,Viviendas,VIVIENDAS,0,,,,
La Guancha,38018,2014,2014,Demolición,DEMOLICION,Viviendas,VIVIENDAS,0,,,,
La Guancha,38018,2015,2015,Demolición,DEMOLICION,Viviendas,VIVIENDAS,0,,,,
La Guancha,38018,2016,2016,Demolición,DEMOLICION,Viviendas,VIVIENDAS,1,,,,
La Guancha,38018,2017,2017,Demolición,DEMOLICION,Viviendas,VIVIENDAS,0,,,,
La Guancha,38018,2018,2018,Demolición,DEMOLICION,Viviendas,VIVIENDAS,0,,,,
La Guancha,38018,2019,2019,Demolición,DEMOLICION,Viviendas,VIVIENDAS,0,,,,
La Guancha,38018,2012,2012,Rehabilitación,REHABILITACION,Viviendas,VIVIENDAS,1,,,,
La Guancha,38018,2013,2013,Rehabilitación,REHABILITACION,Viviendas,VIVIENDAS,0,,,,
La Guancha,38018,2014,2014,Rehabilitación,REHABILITACION,Viviendas,VIVIENDAS,1,,,,
La Guancha,38018,2015,2015,Rehabilitación,REHABILITACION,Viviendas,VIVIENDAS,0,,,,
La Guancha,38018,2016,2016,Rehabilitación,REHABILITACION,Viviendas,VIVIENDAS,1,,,,
La Guancha,38018,2017,2017,Rehabilitación,REHABILITACION,Viviendas,VIVIENDAS,2,,,,
La Guancha,38018,2018,2018,Rehabilitación,REHABILITACION,Viviendas,VIVIENDAS,1,,,,
La Guancha,38018,2019,2019,Rehabilitación,REHABILITACION,Viviendas,VIVIENDAS,0,,,,
La Guancha,38018,2012,2012,Saldo de viviendas,SALDO_VIVIENDAS,Viviendas,VIVIENDAS,50,,,,
La Guancha,38018,2013,2013,Saldo de viviendas,SALDO_VIVIENDAS,Viviendas,VIVIENDAS,0,,,,
La Guancha,38018,2014,2014,Saldo de viviendas,SALDO_VIVIENDAS,Viviendas,VIVIENDAS,1,,,,
La Guancha,38018,2015,2015,Saldo de viviendas,SALDO_VIVIENDAS,Viviendas,VIVIENDAS,0,,,,
La Guancha,38018,2016,2016,Saldo de viviendas,SALDO_VIVIENDAS,Viviendas,VIVIENDAS,0,,,,
La Guancha,38018,2017,2017,Saldo de viviendas,SALDO_VIVIENDAS,Viviendas,VIVIENDAS,2,,,,
La Guancha,38018,2018,2018,Saldo de viviendas,SALDO_VIVIENDAS,Viviendas,VIVIENDAS,2,,,,
La Guancha,38018,2019,2019,Saldo de viviendas,SALDO_VIVIENDAS,Viviendas,VIVIENDAS,1,,,,
La Guancha,38018,2012,2012,Obra nueva,OBRA_NUEVA,Viviendas,VIVIENDAS,49,,,,
La Guancha,38018,2013,2013,Obra nueva,OBRA_NUEVA,Viviendas,VIVIENDAS,0,,,,
La Guancha,38018,2014,2014,Obra nueva,OBRA_NUEVA,Viviendas,VIVIENDAS,0,,,,
La Guancha,38018,2015,2015,Obra nueva,OBRA_NUEVA,Viviendas,VIVIENDAS,0,,,,
La Guancha,38018,2016,2016,Obra nueva,OBRA_NUEVA,Viviendas,VIVIENDAS,0,,,,
La Guancha,38018,2017,2017,Obra nueva,OBRA_NUEVA,Viviendas,VIVIENDAS,0,,,,
La Guancha,38018,2018,2018,Obra nueva,OBRA_NUEVA,Viviendas,VIVIENDAS,1,,,,
La Guancha,38018,2019,2019,Obra nueva,OBRA_NUEVA,Viviendas,VIVIENDAS,1,,,,
Guía de Isora,38019,2012,2012,Demolición,DEMOLICION,Viviendas,VIVIENDAS,0,,,,
Guía de Isora,38019,2013,2013,Demolición,DEMOLICION,Viviendas,VIVIENDAS,0,,,,
Guía de Isora,38019,2014,2014,Demolición,DEMOLICION,Viviendas,VIVIENDAS,0,,,,
Guía de Isora,38019,2015,2015,Demolición,DEMOLICION,Viviendas,VIVIENDAS,2,,,,
Guía de Isora,38019,2016,2016,Demolición,DEMOLICION,Viviendas,VIVIENDAS,1,,,,
Guía de Isora,38019,2017,2017,Demolición,DEMOLICION,Viviendas,VIVIENDAS,0,,,,
Guía de Isora,38019,2018,2018,Demolición,DEMOLICION,Viviendas,VIVIENDAS,2,,,,
Guía de Isora,38019,2019,2019,Demolición,DEMOLICION,Viviendas,VIVIENDAS,0,,,,
Guía de Isora,38019,2012,2012,Rehabilitación,REHABILITACION,Viviendas,VIVIENDAS,1,,,,
Guía de Isora,38019,2013,2013,Rehabilitación,REHABILITACION,Viviendas,VIVIENDAS,0,,,,
Guía de Isora,38019,2014,2014,Rehabilitación,REHABILITACION,Viviendas,VIVIENDAS,0,,,,
Guía de Isora,38019,2015,2015,Rehabilitación,REHABILITACION,Viviendas,VIVIENDAS,0,,,,
Guía de Isora,38019,2016,2016,Rehabilitación,REHABILITACION,Viviendas,VIVIENDAS,2,,,,
Guía de Isora,38019,2017,2017,Rehabilitación,REHABILITACION,Viviendas,VIVIENDAS,0,,,,
Guía de Isora,38019,2018,2018,Rehabilitación,REHABILITACION,Viviendas,VIVIENDAS,5,,,,
Guía de Isora,38019,2019,2019,Rehabilitación,REHABILITACION,Viviendas,VIVIENDAS,0,,,,
Guía de Isora,38019,2012,2012,Saldo de viviendas,SALDO_VIVIENDAS,Viviendas,VIVIENDAS,7,,,,
Guía de Isora,38019,2013,2013,Saldo de viviendas,SALDO_VIVIENDAS,Viviendas,VIVIENDAS,11,,,,
Guía de Isora,38019,2014,2014,Saldo de viviendas,SALDO_VIVIENDAS,Viviendas,VIVIENDAS,3,,,,
Guía de Isora,38019,2015,2015,Saldo de viviendas,SALDO_VIVIENDAS,Viviendas,VIVIENDAS,3,,,,
Guía de Isora,38019,2016,2016,Saldo de viviendas,SALDO_VIVIENDAS,Viviendas,VIVIENDAS,27,,,,
Guía de Isora,38019,2017,2017,Saldo de viviendas,SALDO_VIVIENDAS,Viviendas,VIVIENDAS,21,,,,
Guía de Isora,38019,2018,2018,Saldo de viviendas,SALDO_VIVIENDAS,Viviendas,VIVIENDAS,28,,,,
Guía de Isora,38019,2019,2019,Saldo de viviendas,SALDO_VIVIENDAS,Viviendas,VIVIENDAS,65,,,,
Guía de Isora,38019,2012,2012,Obra nueva,OBRA_NUEVA,Viviendas,VIVIENDAS,6,,,,
Guía de Isora,38019,2013,2013,Obra nueva,OBRA_NUEVA,Viviendas,VIVIENDAS,11,,,,
Guía de Isora,38019,2014,2014,Obra nueva,OBRA_NUEVA,Viviendas,VIVIENDAS,3,,,,
Guía de Isora,38019,2015,2015,Obra nueva,OBRA_NUEVA,Viviendas,VIVIENDAS,5,,,,
Guía de Isora,38019,2016,2016,Obra nueva,OBRA_NUEVA,Viviendas,VIVIENDAS,26,,,,
Guía de Isora,38019,2017,2017,Obra nueva,OBRA_NUEVA,Viviendas,VIVIENDAS,21,,,,
Guía de Isora,38019,2018,2018,Obra nueva,OBRA_NUEVA,Viviendas,VIVIENDAS,25,,,,
Guía de Isora,38019,2019,2019,Obra nueva,OBRA_NUEVA,Viviendas,VIVIENDAS,65,,,,
Güímar,38020,2012,2012,Demolición,DEMOLICION,Viviendas,VIVIENDAS,3,,,,
Güímar,38020,2013,2013,Demolición,DEMOLICION,Viviendas,VIVIENDAS,3,,,,
Güímar,38020,2014,2014,Demolición,DEMOLICION,Viviendas,VIVIENDAS,1,,,,
Güímar,38020,2015,2015,Demolición,DEMOLICION,Viviendas,VIVIENDAS,3,,,,
Güímar,38020,2016,2016,Demolición,DEMOLICION,Viviendas,VIVIENDAS,0,,,,
Güímar,38020,2017,2017,Demolición,DEMOLICION,Viviendas,VIVIENDAS,0,,,,
Güímar,38020,2018,2018,Demolición,DEMOLICION,Viviendas,VIVIENDAS,1,,,,
Güímar,38020,2019,2019,Demolición,DEMOLICION,Viviendas,VIVIENDAS,1,,,,
Güímar,38020,2012,2012,Rehabilitación,REHABILITACION,Viviendas,VIVIENDAS,2,,,,
Güímar,38020,2013,2013,Rehabilitación,REHABILITACION,Viviendas,VIVIENDAS,0,,,,
Güímar,38020,2014,2014,Rehabilitación,REHABILITACION,Viviendas,VIVIENDAS,1,,,,
Güímar,38020,2015,2015,Rehabilitación,REHABILITACION,Viviendas,VIVIENDAS,0,,,,
Güímar,38020,2016,2016,Rehabilitación,REHABILITACION,Viviendas,VIVIENDAS,1,,,,
Güímar,38020,2017,2017,Rehabilitación,REHABILITACION,Viviendas,VIVIENDAS,2,,,,
Güímar,38020,2018,2018,Rehabilitación,REHABILITACION,Viviendas,VIVIENDAS,1,,,,
Güímar,38020,2019,2019,Rehabilitación,REHABILITACION,Viviendas,VIVIENDAS,1,,,,
Güímar,38020,2012,2012,Saldo de viviendas,SALDO_VIVIENDAS,Viviendas,VIVIENDAS,3,,,,
Güímar,38020,2013,2013,Saldo de viviendas,SALDO_VIVIENDAS,Viviendas,VIVIENDAS,-1,,,,
Güímar,38020,2014,2014,Saldo de viviendas,SALDO_VIVIENDAS,Viviendas,VIVIENDAS,3,,,,
Güímar,38020,2015,2015,Saldo de viviendas,SALDO_VIVIENDAS,Viviendas,VIVIENDAS,0,,,,
Güímar,38020,2016,2016,Saldo de viviendas,SALDO_VIVIENDAS,Viviendas,VIVIENDAS,3,,,,
Güímar,38020,2017,2017,Saldo de viviendas,SALDO_VIVIENDAS,Viviendas,VIVIENDAS,4,,,,
Güímar,38020,2018,2018,Saldo de viviendas,SALDO_VIVIENDAS,Viviendas,VIVIENDAS,2,,,,
Güímar,38020,2019,2019,Saldo de viviendas,SALDO_VIVIENDAS,Viviendas,VIVIENDAS,22,,,,
Güímar,38020,2012,2012,Obra nueva,OBRA_NUEVA,Viviendas,VIVIENDAS,4,,,,
Güímar,38020,2013,2013,Obra nueva,OBRA_NUEVA,Viviendas,VIVIENDAS,2,,,,
Güímar,38020,2014,2014,Obra nueva,OBRA_NUEVA,Viviendas,VIVIENDAS,3,,,,
Güímar,38020,2015,2015,Obra nueva,OBRA_NUEVA,Viviendas,VIVIENDAS,3,,,,
Güímar,38020,2016,2016,Obra nueva,OBRA_NUEVA,Viviendas,VIVIENDAS,2,,,,
Güímar,38020,2017,2017,Obra nueva,OBRA_NUEVA,Viviendas,VIVIENDAS,2,,,,
Güímar,38020,2018,2018,Obra nueva,OBRA_NUEVA,Viviendas,VIVIENDAS,2,,,,
Güímar,38020,2019,2019,Obra nueva,OBRA_NUEVA,Viviendas,VIVIENDAS,22,,,,
Icod de los Vinos,38022,2012,2012,Demolición,DEMOLICION,Viviendas,VIVIENDAS,3,,,,
Icod de los Vinos,38022,2013,2013,Demolición,DEMOLICION,Viviendas,VIVIENDAS,1,,,,
Icod de los Vinos,38022,2014,2014,Demolición,DEMOLICION,Viviendas,VIVIENDAS,0,,,,
Icod de los Vinos,38022,2015,2015,Demolición,DEMOLICION,Viviendas,VIVIENDAS,1,,,,
Icod de los Vinos,38022,2016,2016,Demolición,DEMOLICION,Viviendas,VIVIENDAS,1,,,,
Icod de los Vinos,38022,2017,2017,Demolición,DEMOLICION,Viviendas,VIVIENDAS,1,,,,
Icod de los Vinos,38022,2018,2018,Demolición,DEMOLICION,Viviendas,VIVIENDAS,2,,,,
Icod de los Vinos,38022,2019,2019,Demolición,DEMOLICION,Viviendas,VIVIENDAS,0,,,,
Icod de los Vinos,38022,2012,2012,Rehabilitación,REHABILITACION,Viviendas,VIVIENDAS,4,,,,
Icod de los Vinos,38022,2013,2013,Rehabilitación,REHABILITACION,Viviendas,VIVIENDAS,6,,,,
Icod de los Vinos,38022,2014,2014,Rehabilitación,REHABILITACION,Viviendas,VIVIENDAS,5,,,,
Icod de los Vinos,38022,2015,2015,Rehabilitación,REHABILITACION,Viviendas,VIVIENDAS,1,,,,
Icod de los Vinos,38022,2016,2016,Rehabilitación,REHABILITACION,Viviendas,VIVIENDAS,0,,,,
Icod de los Vinos,38022,2017,2017,Rehabilitación,REHABILITACION,Viviendas,VIVIENDAS,1,,,,
Icod de los Vinos,38022,2018,2018,Rehabilitación,REHABILITACION,Viviendas,VIVIENDAS,5,,,,
Icod de los Vinos,38022,2019,2019,Rehabilitación,REHABILITACION,Viviendas,VIVIENDAS,1,,,,
Icod de los Vinos,38022,2012,2012,Saldo de viviendas,SALDO_VIVIENDAS,Viviendas,VIVIENDAS,6,,,,
Icod de los Vinos,38022,2013,2013,Saldo de viviendas,SALDO_VIVIENDAS,Viviendas,VIVIENDAS,8,,,,
Icod de los Vinos,38022,2014,2014,Saldo de viviendas,SALDO_VIVIENDAS,Viviendas,VIVIENDAS,37,,,,
Icod de los Vinos,38022,2015,2015,Saldo de viviendas,SALDO_VIVIENDAS,Viviendas,VIVIENDAS,1,,,,
Icod de los Vinos,38022,2016,2016,Saldo de viviendas,SALDO_VIVIENDAS,Viviendas,VIVIENDAS,2,,,,
Icod de los Vinos,38022,2017,2017,Saldo de viviendas,SALDO_VIVIENDAS,Viviendas,VIVIENDAS,1,,,,
Icod de los Vinos,38022,2018,2018,Saldo de viviendas,SALDO_VIVIENDAS,Viviendas,VIVIENDAS,4,,,,
Icod de los Vinos,38022,2019,2019,Saldo de viviendas,SALDO_VIVIENDAS,Viviendas,VIVIENDAS,2,,,,
Icod de los Vinos,38022,2012,2012,Obra nueva,OBRA_NUEVA,Viviendas,VIVIENDAS,5,,,,
Icod de los Vinos,38022,2013,2013,Obra nueva,OBRA_NUEVA,Viviendas,VIVIENDAS,3,,,,
Icod de los Vinos,38022,2014,2014,Obra nueva,OBRA_NUEVA,Viviendas,VIVIENDAS,32,,,,
Icod de los Vinos,38022,2015,2015,Obra nueva,OBRA_NUEVA,Viviendas,VIVIENDAS,1,,,,
Icod de los Vinos,38022,2016,2016,Obra nueva,OBRA_NUEVA,Viviendas,VIVIENDAS,3,,,,
Icod de los Vinos,38022,2017,2017,Obra nueva,OBRA_NUEVA,Viviendas,VIVIENDAS,1,,,,
Icod de los Vinos,38022,2018,2018,Obra nueva,OBRA_NUEVA,Viviendas,VIVIENDAS,1,,,,
Icod de los Vinos,38022,2019,2019,Obra nueva,OBRA_NUEVA,Viviendas,VIVIENDAS,1,,,,
San Cristóbal de La Laguna,38023,2012,2012,Demolición,DEMOLICION,Viviendas,VIVIENDAS,2,,,,
San Cristóbal de La Laguna,38023,2013,2013,Demolición,DEMOLICION,Viviendas,VIVIENDAS,2,,,,
San Cristóbal de La Laguna,38023,2014,2014,Demolición,DEMOLICION,Viviendas,VIVIENDAS,0,,,,
San Cristóbal de La Laguna,38023,2015,2015,Demolición,DEMOLICION,Viviendas,VIVIENDAS,57,,,,
San Cristóbal de La Laguna,38023,2016,2016,Demolición,DEMOLICION,Viviendas,VIVIENDAS,1,,,,
San Cristóbal de La Laguna,38023,2017,2017,Demolición,DEMOLICION,Viviendas,VIVIENDAS,0,,,,
San Cristóbal de La Laguna,38023,2018,2018,Demolición,DEMOLICION,Viviendas,VIVIENDAS,0,,,,
San Cristóbal de La Laguna,38023,2019,2019,Demolición,DEMOLICION,Viviendas,VIVIENDAS,1,,,,
San Cristóbal de La Laguna,38023,2012,2012,Rehabilitación,REHABILITACION,Viviendas,VIVIENDAS,6,,,,
San Cristóbal de La Laguna,38023,2013,2013,Rehabilitación,REHABILITACION,Viviendas,VIVIENDAS,6,,,,
San Cristóbal de La Laguna,38023,2014,2014,Rehabilitación,REHABILITACION,Viviendas,VIVIENDAS,5,,,,
San Cristóbal de La Laguna,38023,2015,2015,Rehabilitación,REHABILITACION,Viviendas,VIVIENDAS,4,,,,
San Cristóbal de La Laguna,38023,2016,2016,Rehabilitación,REHABILITACION,Viviendas,VIVIENDAS,3,,,,
San Cristóbal de La Laguna,38023,2017,2017,Rehabilitación,REHABILITACION,Viviendas,VIVIENDAS,5,,,,
San Cristóbal de La Laguna,38023,2018,2018,Rehabilitación,REHABILITACION,Viviendas,VIVIENDAS,11,,,,
San Cristóbal de La Laguna,38023,2019,2019,Rehabilitación,REHABILITACION,Viviendas,VIVIENDAS,7,,,,
San Cristóbal de La Laguna,38023,2012,2012,Saldo de viviendas,SALDO_VIVIENDAS,Viviendas,VIVIENDAS,22,,,,
San Cristóbal de La Laguna,38023,2013,2013,Saldo de viviendas,SALDO_VIVIENDAS,Viviendas,VIVIENDAS,17,,,,
San Cristóbal de La Laguna,38023,2014,2014,Saldo de viviendas,SALDO_VIVIENDAS,Viviendas,VIVIENDAS,40,,,,
San Cristóbal de La Laguna,38023,2015,2015,Saldo de viviendas,SALDO_VIVIENDAS,Viviendas,VIVIENDAS,-35,,,,
San Cristóbal de La Laguna,38023,2016,2016,Saldo de viviendas,SALDO_VIVIENDAS,Viviendas,VIVIENDAS,9,,,,
San Cristóbal de La Laguna,38023,2017,2017,Saldo de viviendas,SALDO_VIVIENDAS,Viviendas,VIVIENDAS,16,,,,
San Cristóbal de La Laguna,38023,2018,2018,Saldo de viviendas,SALDO_VIVIENDAS,Viviendas,VIVIENDAS,24,,,,
San Cristóbal de La Laguna,38023,2019,2019,Saldo de viviendas,SALDO_VIVIENDAS,Viviendas,VIVIENDAS,74,,,,
San Cristóbal de La Laguna,38023,2012,2012,Obra nueva,OBRA_NUEVA,Viviendas,VIVIENDAS,18,,,,
San Cristóbal de La Laguna,38023,2013,2013,Obra nueva,OBRA_NUEVA,Viviendas,VIVIENDAS,13,,,,
San Cristóbal de La Laguna,38023,2014,2014,Obra nueva,OBRA_NUEVA,Viviendas,VIVIENDAS,35,,,,
San Cristóbal de La Laguna,38023,2015,2015,Obra nueva,OBRA_NUEVA,Viviendas,VIVIENDAS,18,,,,
San Cristóbal de La Laguna,38023,2016,2016,Obra nueva,OBRA_NUEVA,Viviendas,VIVIENDAS,7,,,,
San Cristóbal de La Laguna,38023,2017,2017,Obra nueva,OBRA_NUEVA,Viviendas,VIVIENDAS,11,,,,
San Cristóbal de La Laguna,38023,2018,2018,Obra nueva,OBRA_NUEVA,Viviendas,VIVIENDAS,13,,,,
San Cristóbal de La Laguna,38023,2019,2019,Obra nueva,OBRA_NUEVA,Viviendas,VIVIENDAS,68,,,,
La Matanza de Acentejo,38025,2012,2012,Demolición,DEMOLICION,Viviendas,VIVIENDAS,0,,,,
La Matanza de Acentejo,38025,2013,2013,Demolición,DEMOLICION,Viviendas,VIVIENDAS,0,,,,
La Matanza de Acentejo,38025,2014,2014,Demolición,DEMOLICION,Viviendas,VIVIENDAS,0,,,,
La Matanza de Acentejo,38025,2015,2015,Demolición,DEMOLICION,Viviendas,VIVIENDAS,0,,,,
La Matanza de Acentejo,38025,2016,2016,Demolición,DEMOLICION,Viviendas,VIVIENDAS,0,,,,
La Matanza de Acentejo,38025,2017,2017,Demolición,DEMOLICION,Viviendas,VIVIENDAS,0,,,,
La Matanza de Acentejo,38025,2018,2018,Demolición,DEMOLICION,Viviendas,VIVIENDAS,0,,,,
La Matanza de Acentejo,38025,2019,2019,Demolición,DEMOLICION,Viviendas,VIVIENDAS,1,,,,
La Matanza de Acentejo,38025,2012,2012,Rehabilitación,REHABILITACION,Viviendas,VIVIENDAS,2,,,,
La Matanza de Acentejo,38025,2013,2013,Rehabilitación,REHABILITACION,Viviendas,VIVIENDAS,0,,,,
La Matanza de Acentejo,38025,2014,2014,Rehabilitación,REHABILITACION,Viviendas,VIVIENDAS,0,,,,
La Matanza de Acentejo,38025,2015,2015,Rehabilitación,REHABILITACION,Viviendas,VIVIENDAS,0,,,,
La Matanza de Acentejo,38025,2016,2016,Rehabilitación,REHABILITACION,Viviendas,VIVIENDAS,0,,,,
La Matanza de Acentejo,38025,2017,2017,Rehabilitación,REHABILITACION,Viviendas,VIVIENDAS,0,,,,
La Matanza de Acentejo,38025,2018,2018,Rehabilitación,REHABILITACION,Viviendas,VIVIENDAS,0,,,,
La Matanza de Acentejo,38025,2019,2019,Rehabilitación,REHABILITACION,Viviendas,VIVIENDAS,0,,,,
La Matanza de Acentejo,38025,2012,2012,Saldo de viviendas,SALDO_VIVIENDAS,Viviendas,VIVIENDAS,8,,,,
La Matanza de Acentejo,38025,2013,2013,Saldo de viviendas,SALDO_VIVIENDAS,Viviendas,VIVIENDAS,1,,,,
La Matanza de Acentejo,38025,2014,2014,Saldo de viviendas,SALDO_VIVIENDAS,Viviendas,VIVIENDAS,0,,,,
La Matanza de Acentejo,38025,2015,2015,Saldo de viviendas,SALDO_VIVIENDAS,Viviendas,VIVIENDAS,0,,,,
La Matanza de Acentejo,38025,2016,2016,Saldo de viviendas,SALDO_VIVIENDAS,Viviendas,VIVIENDAS,0,,,,
La Matanza de Acentejo,38025,2017,2017,Saldo de viviendas,SALDO_VIVIENDAS,Viviendas,VIVIENDAS,0,,,,
La Matanza de Acentejo,38025,2018,2018,Saldo de viviendas,SALDO_VIVIENDAS,Viviendas,VIVIENDAS,0,,,,
La Matanza de Acentejo,38025,2019,2019,Saldo de viviendas,SALDO_VIVIENDAS,Viviendas,VIVIENDAS,6,,,,
La Matanza de Acentejo,38025,2012,2012,Obra nueva,OBRA_NUEVA,Viviendas,VIVIENDAS,6,,,,
La Matanza de Acentejo,38025,2013,2013,Obra nueva,OBRA_NUEVA,Viviendas,VIVIENDAS,1,,,,
La Matanza de Acentejo,38025,2014,2014,Obra nueva,OBRA_NUEVA,Viviendas,VIVIENDAS,0,,,,
La Matanza de Acentejo,38025,2015,2015,Obra nueva,OBRA_NUEVA,Viviendas,VIVIENDAS,0,,,,
La Matanza de Acentejo,38025,2016,2016,Obra nueva,OBRA_NUEVA,Viviendas,VIVIENDAS,0,,,,
La Matanza de Acentejo,38025,2017,2017,Obra nueva,OBRA_NUEVA,Viviendas,VIVIENDAS,0,,,,
La Matanza de Acentejo,38025,2018,2018,Obra nueva,OBRA_NUEVA,Viviendas,VIVIENDAS,0,,,,
La Matanza de Acentejo,38025,2019,2019,Obra nueva,OBRA_NUEVA,Viviendas,VIVIENDAS,7,,,,
La Orotava,38026,2012,2012,Demolición,DEMOLICION,Viviendas,VIVIENDAS,0,,,,
La Orotava,38026,2013,2013,Demolición,DEMOLICION,Viviendas,VIVIENDAS,0,,,,
La Orotava,38026,2014,2014,Demolición,DEMOLICION,Viviendas,VIVIENDAS,0,,,,
La Orotava,38026,2015,2015,Demolición,DEMOLICION,Viviendas,VIVIENDAS,1,,,,
La Orotava,38026,2016,2016,Demolición,DEMOLICION,Viviendas,VIVIENDAS,1,,,,
La Orotava,38026,2017,2017,Demolición,DEMOLICION,Viviendas,VIVIENDAS,0,,,,
La Orotava,38026,2018,2018,Demolición,DEMOLICION,Viviendas,VIVIENDAS,1,,,,
La Orotava,38026,2019,2019,Demolición,DEMOLICION,Viviendas,VIVIENDAS,1,,,,
La Orotava,38026,2012,2012,Rehabilitación,REHABILITACION,Viviendas,VIVIENDAS,4,,,,
La Orotava,38026,2013,2013,Rehabilitación,REHABILITACION,Viviendas,VIVIENDAS,1,,,,
La Orotava,38026,2014,2014,Rehabilitación,REHABILITACION,Viviendas,VIVIENDAS,3,,,,
La Orotava,38026,2015,2015,Rehabilitación,REHABILITACION,Viviendas,VIVIENDAS,4,,,,
La Orotava,38026,2016,2016,Rehabilitación,REHABILITACION,Viviendas,VIVIENDAS,3,,,,
La Orotava,38026,2017,2017,Rehabilitación,REHABILITACION,Viviendas,VIVIENDAS,2,,,,
La Orotava,38026,2018,2018,Rehabilitación,REHABILITACION,Viviendas,VIVIENDAS,3,,,,
La Orotava,38026,2019,2019,Rehabilitación,REHABILITACION,Viviendas,VIVIENDAS,6,,,,
La Orotava,38026,2012,2012,Saldo de viviendas,SALDO_VIVIENDAS,Viviendas,VIVIENDAS,12,,,,
La Orotava,38026,2013,2013,Saldo de viviendas,SALDO_VIVIENDAS,Viviendas,VIVIENDAS,1,,,,
La Orotava,38026,2014,2014,Saldo de viviendas,SALDO_VIVIENDAS,Viviendas,VIVIENDAS,4,,,,
La Orotava,38026,2015,2015,Saldo de viviendas,SALDO_VIVIENDAS,Viviendas,VIVIENDAS,7,,,,
La Orotava,38026,2016,2016,Saldo de viviendas,SALDO_VIVIENDAS,Viviendas,VIVIENDAS,6,,,,
La Orotava,38026,2017,2017,Saldo de viviendas,SALDO_VIVIENDAS,Viviendas,VIVIENDAS,8,,,,
La Orotava,38026,2018,2018,Saldo de viviendas,SALDO_VIVIENDAS,Viviendas,VIVIENDAS,19,,,,
La Orotava,38026,2019,2019,Saldo de viviendas,SALDO_VIVIENDAS,Viviendas,VIVIENDAS,16,,,,
La Orotava,38026,2012,2012,Obra nueva,OBRA_NUEVA,Viviendas,VIVIENDAS,8,,,,
La Orotava,38026,2013,2013,Obra nueva,OBRA_NUEVA,Viviendas,VIVIENDAS,0,,,,
La Orotava,38026,2014,2014,Obra nueva,OBRA_NUEVA,Viviendas,VIVIENDAS,1,,,,
La Orotava,38026,2015,2015,Obra nueva,OBRA_NUEVA,Viviendas,VIVIENDAS,4,,,,
La Orotava,38026,2016,2016,Obra nueva,OBRA_NUEVA,Viviendas,VIVIENDAS,4,,,,
La Orotava,38026,2017,2017,Obra nueva,OBRA_NUEVA,Viviendas,VIVIENDAS,6,,,,
La Orotava,38026,2018,2018,Obra nueva,OBRA_NUEVA,Viviendas,VIVIENDAS,17,,,,
La Orotava,38026,2019,2019,Obra nueva,OBRA_NUEVA,Viviendas,VIVIENDAS,11,,,,
Puerto de la Cruz,38028,2012,2012,Demolición,DEMOLICION,Viviendas,VIVIENDAS,0,,,,
Puerto de la Cruz,38028,2013,2013,Demolición,DEMOLICION,Viviendas,VIVIENDAS,0,,,,
Puerto de la Cruz,38028,2014,2014,Demolición,DEMOLICION,Viviendas,VIVIENDAS,1,,,,
Puerto de la Cruz,38028,2015,2015,Demolición,DEMOLICION,Viviendas,VIVIENDAS,1,,,,
Puerto de la Cruz,38028,2016,2016,Demolición,DEMOLICION,Viviendas,VIVIENDAS,0,,,,
Puerto de la Cruz,38028,2017,2017,Demolición,DEMOLICION,Viviendas,VIVIENDAS,1,,,,
Puerto de la Cruz,38028,2018,2018,Demolición,DEMOLICION,Viviendas,VIVIENDAS,1,,,,
Puerto de la Cruz,38028,2019,2019,Demolición,DEMOLICION,Viviendas,VIVIENDAS,6,,,,
Puerto de la Cruz,38028,2012,2012,Rehabilitación,REHABILITACION,Viviendas,VIVIENDAS,2,,,,
Puerto de la Cruz,38028,2013,2013,Rehabilitación,REHABILITACION,Viviendas,VIVIENDAS,0,,,,
Puerto de la Cruz,38028,2014,2014,Rehabilitación,REHABILITACION,Viviendas,VIVIENDAS,0,,,,
Puerto de la Cruz,38028,2015,2015,Rehabilitación,REHABILITACION,Viviendas,VIVIENDAS,0,,,,
Puerto de la Cruz,38028,2016,2016,Rehabilitación,REHABILITACION,Viviendas,VIVIENDAS,0,,,,
Puerto de la Cruz,38028,2017,2017,Rehabilitación,REHABILITACION,Viviendas,VIVIENDAS,0,,,,
Puerto de la Cruz,38028,2018,2018,Rehabilitación,REHABILITACION,Viviendas,VIVIENDAS,5,,,,
Puerto de la Cruz,38028,2019,2019,Rehabilitación,REHABILITACION,Viviendas,VIVIENDAS,1,,,,
Puerto de la Cruz,38028,2012,2012,Saldo de viviendas,SALDO_VIVIENDAS,Viviendas,VIVIENDAS,8,,,,
Puerto de la Cruz,38028,2013,2013,Saldo de viviendas,SALDO_VIVIENDAS,Viviendas,VIVIENDAS,1,,,,
Puerto de la Cruz,38028,2014,2014,Saldo de viviendas,SALDO_VIVIENDAS,Viviendas,VIVIENDAS,-1,,,,
Puerto de la Cruz,38028,2015,2015,Saldo de viviendas,SALDO_VIVIENDAS,Viviendas,VIVIENDAS,0,,,,
Puerto de la Cruz,38028,2016,2016,Saldo de viviendas,SALDO_VIVIENDAS,Viviendas,VIVIENDAS,0,,,,
Puerto de la Cruz,38028,2017,2017,Saldo de viviendas,SALDO_VIVIENDAS,Viviendas,VIVIENDAS,2,,,,
Puerto de la Cruz,38028,2018,2018,Saldo de viviendas,SALDO_VIVIENDAS,Viviendas,VIVIENDAS,8,,,,
Puerto de la Cruz,38028,2019,2019,Saldo de viviendas,SALDO_VIVIENDAS,Viviendas,VIVIENDAS,1,,,,
Puerto de la Cruz,38028,2012,2012,Obra nueva,OBRA_NUEVA,Viviendas,VIVIENDAS,6,,,,
Puerto de la Cruz,38028,2013,2013,Obra nueva,OBRA_NUEVA,Viviendas,VIVIENDAS,1,,,,
Puerto de la Cruz,38028,2014,2014,Obra nueva,OBRA_NUEVA,Viviendas,VIVIENDAS,0,,,,
Puerto de la Cruz,38028,2015,2015,Obra nueva,OBRA_NUEVA,Viviendas,VIVIENDAS,1,,,,
Puerto de la Cruz,38028,2016,2016,Obra nueva,OBRA_NUEVA,Viviendas,VIVIENDAS,0,,,,
Puerto de la Cruz,38028,2017,2017,Obra nueva,OBRA_NUEVA,Viviendas,VIVIENDAS,3,,,,
Puerto de la Cruz,38028,2018,2018,Obra nueva,OBRA_NUEVA,Viviendas,VIVIENDAS,4,,,,
Puerto de la Cruz,38028,2019,2019,Obra nueva,OBRA_NUEVA,Viviendas,VIVIENDAS,6,,,,
Los Realejos,38031,2012,2012,Demolición,DEMOLICION,Viviendas,VIVIENDAS,0,,,,
Los Realejos,38031,2013,2013,Demolición,DEMOLICION,Viviendas,VIVIENDAS,0,,,,
Los Realejos,38031,2014,2014,Demolición,DEMOLICION,Viviendas,VIVIENDAS,0,,,,
Los Realejos,38031,2015,2015,Demolición,DEMOLICION,Viviendas,VIVIENDAS,0,,,,
Los Realejos,38031,2016,2016,Demolición,DEMOLICION,Viviendas,VIVIENDAS,0,,,,
Los Realejos,38031,2017,2017,Demolición,DEMOLICION,Viviendas,VIVIENDAS,0,,,,
Los Realejos,38031,2018,2018,Demolición,DEMOLICION,Viviendas,VIVIENDAS,0,,,,
Los Realejos,38031,2019,2019,Demolición,DEMOLICION,Viviendas,VIVIENDAS,0,,,,
Los Realejos,38031,2012,2012,Rehabilitación,REHABILITACION,Viviendas,VIVIENDAS,2,,,,
Los Realejos,38031,2013,2013,Rehabilitación,REHABILITACION,Viviendas,VIVIENDAS,0,,,,
Los Realejos,38031,2014,2014,Rehabilitación,REHABILITACION,Viviendas,VIVIENDAS,0,,,,
Los Realejos,38031,2015,2015,Rehabilitación,REHABILITACION,Viviendas,VIVIENDAS,1,,,,
Los Realejos,38031,2016,2016,Rehabilitación,REHABILITACION,Viviendas,VIVIENDAS,0,,,,
Los Realejos,38031,2017,2017,Rehabilitación,REHABILITACION,Viviendas,VIVIENDAS,1,,,,
Los Realejos,38031,2018,2018,Rehabilitación,REHABILITACION,Viviendas,VIVIENDAS,0,,,,
Los Realejos,38031,2019,2019,Rehabilitación,REHABILITACION,Viviendas,VIVIENDAS,1,,,,
Los Realejos,38031,2012,2012,Saldo de viviendas,SALDO_VIVIENDAS,Viviendas,VIVIENDAS,3,,,,
Los Realejos,38031,2013,2013,Saldo de viviendas,SALDO_VIVIENDAS,Viviendas,VIVIENDAS,2,,,,
Los Realejos,38031,2014,2014,Saldo de viviendas,SALDO_VIVIENDAS,Viviendas,VIVIENDAS,0,,,,
Los Realejos,38031,2015,2015,Saldo de viviendas,SALDO_VIVIENDAS,Viviendas,VIVIENDAS,2,,,,
Los Realejos,38031,2016,2016,Saldo de viviendas,SALDO_VIVIENDAS,Viviendas,VIVIENDAS,0,,,,
Los Realejos,38031,2017,2017,Saldo de viviendas,SALDO_VIVIENDAS,Viviendas,VIVIENDAS,3,,,,
Los Realejos,38031,2018,2018,Saldo de viviendas,SALDO_VIVIENDAS,Viviendas,VIVIENDAS,4,,,,
Los Realejos,38031,2019,2019,Saldo de viviendas,SALDO_VIVIENDAS,Viviendas,VIVIENDAS,8,,,,
Los Realejos,38031,2012,2012,Obra nueva,OBRA_NUEVA,Viviendas,VIVIENDAS,1,,,,
Los Realejos,38031,2013,2013,Obra nueva,OBRA_NUEVA,Viviendas,VIVIENDAS,2,,,,
Los Realejos,38031,2014,2014,Obra nueva,OBRA_NUEVA,Viviendas,VIVIENDAS,0,,,,
Los Realejos,38031,2015,2015,Obra nueva,OBRA_NUEVA,Viviendas,VIVIENDAS,1,,,,
Los Realejos,38031,2016,2016,Obra nueva,OBRA_NUEVA,Viviendas,VIVIENDAS,0,,,,
Los Realejos,38031,2017,2017,Obra nueva,OBRA_NUEVA,Viviendas,VIVIENDAS,2,,,,
Los Realejos,38031,2018,2018,Obra nueva,OBRA_NUEVA,Viviendas,VIVIENDAS,4,,,,
Los Realejos,38031,2019,2019,Obra nueva,OBRA_NUEVA,Viviendas,VIVIENDAS,7,,,,
El Rosario,38032,2012,2012,Demolición,DEMOLICION,Viviendas,VIVIENDAS,0,,,,
El Rosario,38032,2013,2013,Demolición,DEMOLICION,Viviendas,VIVIENDAS,1,,,,
El Rosario,38032,2014,2014,Demolición,DEMOLICION,Viviendas,VIVIENDAS,0,,,,
El Rosario,38032,2015,2015,Demolición,DEMOLICION,Viviendas,VIVIENDAS,1,,,,
El Rosario,38032,2016,2016,Demolición,DEMOLICION,Viviendas,VIVIENDAS,0,,,,
El Rosario,38032,2017,2017,Demolición,DEMOLICION,Viviendas,VIVIENDAS,0,,,,
El Rosario,38032,2018,2018,Demolición,DEMOLICION,Viviendas,VIVIENDAS,0,,,,
El Rosario,38032,2019,2019,Demolición,DEMOLICION,Viviendas,VIVIENDAS,0,,,,
El Rosario,38032,2012,2012,Rehabilitación,REHABILITACION,Viviendas,VIVIENDAS,0,,,,
El Rosario,38032,2013,2013,Rehabilitación,REHABILITACION,Viviendas,VIVIENDAS,1,,,,
El Rosario,38032,2014,2014,Rehabilitación,REHABILITACION,Viviendas,VIVIENDAS,0,,,,
El Rosario,38032,2015,2015,Rehabilitación,REHABILITACION,Viviendas,VIVIENDAS,0,,,,
El Rosario,38032,2016,2016,Rehabilitación,REHABILITACION,Viviendas,VIVIENDAS,0,,,,
El Rosario,38032,2017,2017,Rehabilitación,REHABILITACION,Viviendas,VIVIENDAS,2,,,,
El Rosario,38032,2018,2018,Rehabilitación,REHABILITACION,Viviendas,VIVIENDAS,0,,,,
El Rosario,38032,2019,2019,Rehabilitación,REHABILITACION,Viviendas,VIVIENDAS,2,,,,
El Rosario,38032,2012,2012,Saldo de viviendas,SALDO_VIVIENDAS,Viviendas,VIVIENDAS,20,,,,
El Rosario,38032,2013,2013,Saldo de viviendas,SALDO_VIVIENDAS,Viviendas,VIVIENDAS,28,,,,
El Rosario,38032,2014,2014,Saldo de viviendas,SALDO_VIVIENDAS,Viviendas,VIVIENDAS,6,,,,
El Rosario,38032,2015,2015,Saldo de viviendas,SALDO_VIVIENDAS,Viviendas,VIVIENDAS,3,,,,
El Rosario,38032,2016,2016,Saldo de viviendas,SALDO_VIVIENDAS,Viviendas,VIVIENDAS,5,,,,
El Rosario,38032,2017,2017,Saldo de viviendas,SALDO_VIVIENDAS,Viviendas,VIVIENDAS,7,,,,
El Rosario,38032,2018,2018,Saldo de viviendas,SALDO_VIVIENDAS,Viviendas,VIVIENDAS,2,,,,
El Rosario,38032,2019,2019,Saldo de viviendas,SALDO_VIVIENDAS,Viviendas,VIVIENDAS,19,,,,
El Rosario,38032,2012,2012,Obra nueva,OBRA_NUEVA,Viviendas,VIVIENDAS,20,,,,
El Rosario,38032,2013,2013,Obra nueva,OBRA_NUEVA,Viviendas,VIVIENDAS,28,,,,
El Rosario,38032,2014,2014,Obra nueva,OBRA_NUEVA,Viviendas,VIVIENDAS,6,,,,
El Rosario,38032,2015,2015,Obra nueva,OBRA_NUEVA,Viviendas,VIVIENDAS,4,,,,
El Rosario,38032,2016,2016,Obra nueva,OBRA_NUEVA,Viviendas,VIVIENDAS,5,,,,
El Rosario,38032,2017,2017,Obra nueva,OBRA_NUEVA,Viviendas,VIVIENDAS,5,,,,
El Rosario,38032,2018,2018,Obra nueva,OBRA_NUEVA,Viviendas,VIVIENDAS,2,,,,
El Rosario,38032,2019,2019,Obra nueva,OBRA_NUEVA,Viviendas,VIVIENDAS,17,,,,
San Juan de la Rambla,38034,2012,2012,Demolición,DEMOLICION,Viviendas,VIVIENDAS,0,,,,
San Juan de la Rambla,38034,2013,2013,Demolición,DEMOLICION,Viviendas,VIVIENDAS,0,,,,
San Juan de la Rambla,38034,2014,2014,Demolición,DEMOLICION,Viviendas,VIVIENDAS,0,,,,
San Juan de la Rambla,38034,2015,2015,Demolición,DEMOLICION,Viviendas,VIVIENDAS,0,,,,
San Juan de la Rambla,38034,2016,2016,Demolición,DEMOLICION,Viviendas,VIVIENDAS,0,,,,
San Juan de la Rambla,38034,2017,2017,Demolición,DEMOLICION,Viviendas,VIVIENDAS,0,,,,
San Juan de la Rambla,38034,2018,2018,Demolición,DEMOLICION,Viviendas,VIVIENDAS,0,,,,
San Juan de la Rambla,38034,2019,2019,Demolición,DEMOLICION,Viviendas,VIVIENDAS,1,,,,
San Juan de la Rambla,38034,2012,2012,Rehabilitación,REHABILITACION,Viviendas,VIVIENDAS,0,,,,
San Juan de la Rambla,38034,2013,2013,Rehabilitación,REHABILITACION,Viviendas,VIVIENDAS,0,,,,
San Juan de la Rambla,38034,2014,2014,Rehabilitación,REHABILITACION,Viviendas,VIVIENDAS,0,,,,
San Juan de la Rambla,38034,2015,2015,Rehabilitación,REHABILITACION,Viviendas,VIVIENDAS,1,,,,
San Juan de la Rambla,38034,2016,2016,Rehabilitación,REHABILITACION,Viviendas,VIVIENDAS,1,,,,
San Juan de la Rambla,38034,2017,2017,Rehabilitación,REHABILITACION,Viviendas,VIVIENDAS,2,,,,
San Juan de la Rambla,38034,2018,2018,Rehabilitación,REHABILITACION,Viviendas,VIVIENDAS,0,,,,
San Juan de la Rambla,38034,2019,2019,Rehabilitación,REHABILITACION,Viviendas,VIVIENDAS,4,,,,
San Juan de la Rambla,38034,2012,2012,Saldo de viviendas,SALDO_VIVIENDAS,Viviendas,VIVIENDAS,2,,,,
San Juan de la Rambla,38034,2013,2013,Saldo de viviendas,SALDO_VIVIENDAS,Viviendas,VIVIENDAS,1,,,,
San Juan de la Rambla,38034,2014,2014,Saldo de viviendas,SALDO_VIVIENDAS,Viviendas,VIVIENDAS,0,,,,
San Juan de la Rambla,38034,2015,2015,Saldo de viviendas,SALDO_VIVIENDAS,Viviendas,VIVIENDAS,1,,,,
San Juan de la Rambla,38034,2016,2016,Saldo de viviendas,SALDO_VIVIENDAS,Viviendas,VIVIENDAS,1,,,,
San Juan de la Rambla,38034,2017,2017,Saldo de viviendas,SALDO_VIVIENDAS,Viviendas,VIVIENDAS,3,,,,
San Juan de la Rambla,38034,2018,2018,Saldo de viviendas,SALDO_VIVIENDAS,Viviendas,VIVIENDAS,0,,,,
San Juan de la Rambla,38034,2019,2019,Saldo de viviendas,SALDO_VIVIENDAS,Viviendas,VIVIENDAS,7,,,,
San Juan de la Rambla,38034,2012,2012,Obra nueva,OBRA_NUEVA,Viviendas,VIVIENDAS,2,,,,
San Juan de la Rambla,38034,2013,2013,Obra nueva,OBRA_NUEVA,Viviendas,VIVIENDAS,1,,,,
San Juan de la Rambla,38034,2014,2014,Obra nueva,OBRA_NUEVA,Viviendas,VIVIENDAS,0,,,,
San Juan de la Rambla,38034,2015,2015,Obra nueva,OBRA_NUEVA,Viviendas,VIVIENDAS,0,,,,
San Juan de la Rambla,38034,2016,2016,Obra nueva,OBRA_NUEVA,Viviendas,VIVIENDAS,0,,,,
San Juan de la Rambla,38034,2017,2017,Obra nueva,OBRA_NUEVA,Viviendas,VIVIENDAS,1,,,,
San Juan de la Rambla,38034,2018,2018,Obra nueva,OBRA_NUEVA,Viviendas,VIVIENDAS,0,,,,
San Juan de la Rambla,38034,2019,2019,Obra nueva,OBRA_NUEVA,Viviendas,VIVIENDAS,4,,,,
San Miguel de Abona,38035,2012,2012,Demolición,DEMOLICION,Viviendas,VIVIENDAS,0,,,,
San Miguel de Abona,38035,2013,2013,Demolición,DEMOLICION,Viviendas,VIVIENDAS,2,,,,
San Miguel de Abona,38035,2014,2014,Demolición,DEMOLICION,Viviendas,VIVIENDAS,0,,,,
San Miguel de Abona,38035,2015,2015,Demolición,DEMOLICION,Viviendas,VIVIENDAS,0,,,,
San Miguel de Abona,38035,2016,2016,Demolición,DEMOLICION,Viviendas,VIVIENDAS,0,,,,
San Miguel de Abona,38035,2017,2017,Demolición,DEMOLICION,Viviendas,VIVIENDAS,2,,,,
San Miguel de Abona,38035,2018,2018,Demolición,DEMOLICION,Viviendas,VIVIENDAS,0,,,,
San Miguel de Abona,38035,2019,2019,Demolición,DEMOLICION,Viviendas,VIVIENDAS,0,,,,
San Miguel de Abona,38035,2012,2012,Rehabilitación,REHABILITACION,Viviendas,VIVIENDAS,1,,,,
San Miguel de Abona,38035,2013,2013,Rehabilitación,REHABILITACION,Viviendas,VIVIENDAS,2,,,,
San Miguel de Abona,38035,2014,2014,Rehabilitación,REHABILITACION,Viviendas,VIVIENDAS,0,,,,
San Miguel de Abona,38035,2015,2015,Rehabilitación,REHABILITACION,Viviendas,VIVIENDAS,5,,,,
San Miguel de Abona,38035,2016,2016,Rehabilitación,REHABILITACION,Viviendas,VIVIENDAS,0,,,,
San Miguel de Abona,38035,2017,2017,Rehabilitación,REHABILITACION,Viviendas,VIVIENDAS,13,,,,
San Miguel de Abona,38035,2018,2018,Rehabilitación,REHABILITACION,Viviendas,VIVIENDAS,0,,,,
San Miguel de Abona,38035,2019,2019,Rehabilitación,REHABILITACION,Viviendas,VIVIENDAS,0,,,,
San Miguel de Abona,38035,2012,2012,Saldo de viviendas,SALDO_VIVIENDAS,Viviendas,VIVIENDAS,6,,,,
San Miguel de Abona,38035,2013,2013,Saldo de viviendas,SALDO_VIVIENDAS,Viviendas,VIVIENDAS,0,,,,
San Miguel de Abona,38035,2014,2014,Saldo de viviendas,SALDO_VIVIENDAS,Viviendas,VIVIENDAS,2,,,,
San Miguel de Abona,38035,2015,2015,Saldo de viviendas,SALDO_VIVIENDAS,Viviendas,VIVIENDAS,6,,,,
San Miguel de Abona,38035,2016,2016,Saldo de viviendas,SALDO_VIVIENDAS,Viviendas,VIVIENDAS,5,,,,
San Miguel de Abona,38035,2017,2017,Saldo de viviendas,SALDO_VIVIENDAS,Viviendas,VIVIENDAS,15,,,,
San Miguel de Abona,38035,2018,2018,Saldo de viviendas,SALDO_VIVIENDAS,Viviendas,VIVIENDAS,10,,,,
San Miguel de Abona,38035,2019,2019,Saldo de viviendas,SALDO_VIVIENDAS,Viviendas,VIVIENDAS,4,,,,
San Miguel de Abona,38035,2012,2012,Obra nueva,OBRA_NUEVA,Viviendas,VIVIENDAS,5,,,,
San Miguel de Abona,38035,2013,2013,Obra nueva,OBRA_NUEVA,Viviendas,VIVIENDAS,0,,,,
San Miguel de Abona,38035,2014,2014,Obra nueva,OBRA_NUEVA,Viviendas,VIVIENDAS,2,,,,
San Miguel de Abona,38035,2015,2015,Obra nueva,OBRA_NUEVA,Viviendas,VIVIENDAS,1,,,,
San Miguel de Abona,38035,2016,2016,Obra nueva,OBRA_NUEVA,Viviendas,VIVIENDAS,5,,,,
San Miguel de Abona,38035,2017,2017,Obra nueva,OBRA_NUEVA,Viviendas,VIVIENDAS,4,,,,
San Miguel de Abona,38035,2018,2018,Obra nueva,OBRA_NUEVA,Viviendas,VIVIENDAS,10,,,,
San Miguel de Abona,38035,2019,2019,Obra nueva,OBRA_NUEVA,Viviendas,VIVIENDAS,4,,,,
Santa Cruz de Tenerife,38038,2012,2012,Demolición,DEMOLICION,Viviendas,VIVIENDAS,4,,,,
Santa Cruz de Tenerife,38038,2013,2013,Demolición,DEMOLICION,Viviendas,VIVIENDAS,0,,,,
Santa Cruz de Tenerife,38038,2014,2014,Demolición,DEMOLICION,Viviendas,VIVIENDAS,2,,,,
Santa Cruz de Tenerife,38038,2015,2015,Demolición,DEMOLICION,Viviendas,VIVIENDAS,1,,,,
Santa Cruz de Tenerife,38038,2016,2016,Demolición,DEMOLICION,Viviendas,VIVIENDAS,1,,,,
Santa Cruz de Tenerife,38038,2017,2017,Demolición,DEMOLICION,Viviendas,VIVIENDAS,0,,,,
Santa Cruz de Tenerife,38038,2018,2018,Demolición,DEMOLICION,Viviendas,VIVIENDAS,10,,,,
Santa Cruz de Tenerife,38038,2019,2019,Demolición,DEMOLICION,Viviendas,VIVIENDAS,2,,,,
Santa Cruz de Tenerife,38038,2012,2012,Rehabilitación,REHABILITACION,Viviendas,VIVIENDAS,13,,,,
Santa Cruz de Tenerife,38038,2013,2013,Rehabilitación,REHABILITACION,Viviendas,VIVIENDAS,4,,,,
Santa Cruz de Tenerife,38038,2014,2014,Rehabilitación,REHABILITACION,Viviendas,VIVIENDAS,3,,,,
Santa Cruz de Tenerife,38038,2015,2015,Rehabilitación,REHABILITACION,Viviendas,VIVIENDAS,27,,,,
Santa Cruz de Tenerife,38038,2016,2016,Rehabilitación,REHABILITACION,Viviendas,VIVIENDAS,6,,,,
Santa Cruz de Tenerife,38038,2017,2017,Rehabilitación,REHABILITACION,Viviendas,VIVIENDAS,3,,,,
Santa Cruz de Tenerife,38038,2018,2018,Rehabilitación,REHABILITACION,Viviendas,VIVIENDAS,57,,,,
Santa Cruz de Tenerife,38038,2019,2019,Rehabilitación,REHABILITACION,Viviendas,VIVIENDAS,15,,,,
Santa Cruz de Tenerife,38038,2012,2012,Saldo de viviendas,SALDO_VIVIENDAS,Viviendas,VIVIENDAS,22,,,,
Santa Cruz de Tenerife,38038,2013,2013,Saldo de viviendas,SALDO_VIVIENDAS,Viviendas,VIVIENDAS,73,,,,
Santa Cruz de Tenerife,38038,2014,2014,Saldo de viviendas,SALDO_VIVIENDAS,Viviendas,VIVIENDAS,6,,,,
Santa Cruz de Tenerife,38038,2015,2015,Saldo de viviendas,SALDO_VIVIENDAS,Viviendas,VIVIENDAS,59,,,,
Santa Cruz de Tenerife,38038,2016,2016,Saldo de viviendas,SALDO_VIVIENDAS,Viviendas,VIVIENDAS,20,,,,
Santa Cruz de Tenerife,38038,2017,2017,Saldo de viviendas,SALDO_VIVIENDAS,Viviendas,VIVIENDAS,7,,,,
Santa Cruz de Tenerife,38038,2018,2018,Saldo de viviendas,SALDO_VIVIENDAS,Viviendas,VIVIENDAS,196,,,,
Santa Cruz de Tenerife,38038,2019,2019,Saldo de viviendas,SALDO_VIVIENDAS,Viviendas,VIVIENDAS,101,,,,
Santa Cruz de Tenerife,38038,2012,2012,Obra nueva,OBRA_NUEVA,Viviendas,VIVIENDAS,13,,,,
Santa Cruz de Tenerife,38038,2013,2013,Obra nueva,OBRA_NUEVA,Viviendas,VIVIENDAS,69,,,,
Santa Cruz de Tenerife,38038,2014,2014,Obra nueva,OBRA_NUEVA,Viviendas,VIVIENDAS,5,,,,
Santa Cruz de Tenerife,38038,2015,2015,Obra nueva,OBRA_NUEVA,Viviendas,VIVIENDAS,33,,,,
Santa Cruz de Tenerife,38038,2016,2016,Obra nueva,OBRA_NUEVA,Viviendas,VIVIENDAS,15,,,,
Santa Cruz de Tenerife,38038,2017,2017,Obra nueva,OBRA_NUEVA,Viviendas,VIVIENDAS,4,,,,
Santa Cruz de Tenerife,38038,2018,2018,Obra nueva,OBRA_NUEVA,Viviendas,VIVIENDAS,149,,,,
Santa Cruz de Tenerife,38038,2019,2019,Obra nueva,OBRA_NUEVA,Viviendas,VIVIENDAS,88,,,,
Santa Úrsula,38039,2012,2012,Demolición,DEMOLICION,Viviendas,VIVIENDAS,0,,,,
Santa Úrsula,38039,2013,2013,Demolición,DEMOLICION,Viviendas,VIVIENDAS,0,,,,
Santa Úrsula,38039,2014,2014,Demolición,DEMOLICION,Viviendas,VIVIENDAS,0,,,,
Santa Úrsula,38039,2015,2015,Demolición,DEMOLICION,Viviendas,VIVIENDAS,0,,,,
Santa Úrsula,38039,2016,2016,Demolición,DEMOLICION,Viviendas,VIVIENDAS,0,,,,
Santa Úrsula,38039,2017,2017,Demolición,DEMOLICION,Viviendas,VIVIENDAS,0,,,,
Santa Úrsula,38039,2018,2018,Demolición,DEMOLICION,Viviendas,VIVIENDAS,0,,,,
Santa Úrsula,38039,2019,2019,Demolición,DEMOLICION,Viviendas,VIVIENDAS,0,,,,
Santa Úrsula,38039,2012,2012,Rehabilitación,REHABILITACION,Viviendas,VIVIENDAS,0,,,,
Santa Úrsula,38039,2013,2013,Rehabilitación,REHABILITACION,Viviendas,VIVIENDAS,1,,,,
Santa Úrsula,38039,2014,2014,Rehabilitación,REHABILITACION,Viviendas,VIVIENDAS,0,,,,
Santa Úrsula,38039,2015,2015,Rehabilitación,REHABILITACION,Viviendas,VIVIENDAS,0,,,,
Santa Úrsula,38039,2016,2016,Rehabilitación,REHABILITACION,Viviendas,VIVIENDAS,0,,,,
Santa Úrsula,38039,2017,2017,Rehabilitación,REHABILITACION,Viviendas,VIVIENDAS,2,,,,
Santa Úrsula,38039,2018,2018,Rehabilitación,REHABILITACION,Viviendas,VIVIENDAS,6,,,,
Santa Úrsula,38039,2019,2019,Rehabilitación,REHABILITACION,Viviendas,VIVIENDAS,1,,,,
Santa Úrsula,38039,2012,2012,Saldo de viviendas,SALDO_VIVIENDAS,Viviendas,VIVIENDAS,5,,,,
Santa Úrsula,38039,2013,2013,Saldo de viviendas,SALDO_VIVIENDAS,Viviendas,VIVIENDAS,8,,,,
Santa Úrsula,38039,2014,2014,Saldo de viviendas,SALDO_VIVIENDAS,Viviendas,VIVIENDAS,18,,,,
Santa Úrsula,38039,2015,2015,Saldo de viviendas,SALDO_VIVIENDAS,Viviendas,VIVIENDAS,4,,,,
Santa Úrsula,38039,2016,2016,Saldo de viviendas,SALDO_VIVIENDAS,Viviendas,VIVIENDAS,5,,,,
Santa Úrsula,38039,2017,2017,Saldo de viviendas,SALDO_VIVIENDAS,Viviendas,VIVIENDAS,17,,,,
Santa Úrsula,38039,2018,2018,Saldo de viviendas,SALDO_VIVIENDAS,Viviendas,VIVIENDAS,11,,,,
Santa Úrsula,38039,2019,2019,Saldo de viviendas,SALDO_VIVIENDAS,Viviendas,VIVIENDAS,22,,,,
Santa Úrsula,38039,2012,2012,Obra nueva,OBRA_NUEVA,Viviendas,VIVIENDAS,5,,,,
Santa Úrsula,38039,2013,2013,Obra nueva,OBRA_NUEVA,Viviendas,VIVIENDAS,7,,,,
Santa Úrsula,38039,2014,2014,Obra nueva,OBRA_NUEVA,Viviendas,VIVIENDAS,18,,,,
Santa Úrsula,38039,2015,2015,Obra nueva,OBRA_NUEVA,Viviendas,VIVIENDAS,4,,,,
Santa Úrsula,38039,2016,2016,Obra nueva,OBRA_NUEVA,Viviendas,VIVIENDAS,5,,,,
Santa Úrsula,38039,2017,2017,Obra nueva,OBRA_NUEVA,Viviendas,VIVIENDAS,15,,,,
Santa Úrsula,38039,2018,2018,Obra nueva,OBRA_NUEVA,Viviendas,VIVIENDAS,5,,,,
Santa Úrsula,38039,2019,2019,Obra nueva,OBRA_NUEVA,Viviendas,VIVIENDAS,21,,,,
Santiago del Teide,38040,2012,2012,Demolición,DEMOLICION,Viviendas,VIVIENDAS,0,,,,
Santiago del Teide,38040,2013,2013,Demolición,DEMOLICION,Viviendas,VIVIENDAS,0,,,,
Santiago del Teide,38040,2014,2014,Demolición,DEMOLICION,Viviendas,VIVIENDAS,0,,,,
Santiago del Teide,38040,2015,2015,Demolición,DEMOLICION,Viviendas,VIVIENDAS,0,,,,
Santiago del Teide,38040,2016,2016,Demolición,DEMOLICION,Viviendas,VIVIENDAS,0,,,,
Santiago del Teide,38040,2017,2017,Demolición,DEMOLICION,Viviendas,VIVIENDAS,1,,,,
Santiago del Teide,38040,2018,2018,Demolición,DEMOLICION,Viviendas,VIVIENDAS,1,,,,
Santiago del Teide,38040,2019,2019,Demolición,DEMOLICION,Viviendas,VIVIENDAS,2,,,,
Santiago del Teide,38040,2012,2012,Rehabilitación,REHABILITACION,Viviendas,VIVIENDAS,0,,,,
Santiago del Teide,38040,2013,2013,Rehabilitación,REHABILITACION,Viviendas,VIVIENDAS,0,,,,
Santiago del Teide,38040,2014,2014,Rehabilitación,REHABILITACION,Viviendas,VIVIENDAS,0,,,,
Santiago del Teide,38040,2015,2015,Rehabilitación,REHABILITACION,Viviendas,VIVIENDAS,0,,,,
Santiago del Teide,38040,2016,2016,Rehabilitación,REHABILITACION,Viviendas,VIVIENDAS,0,,,,
Santiago del Teide,38040,2017,2017,Rehabilitación,REHABILITACION,Viviendas,VIVIENDAS,1,,,,
Santiago del Teide,38040,2018,2018,Rehabilitación,REHABILITACION,Viviendas,VIVIENDAS,0,,,,
Santiago del Teide,38040,2019,2019,Rehabilitación,REHABILITACION,Viviendas,VIVIENDAS,2,,,,
Santiago del Teide,38040,2012,2012,Saldo de viviendas,SALDO_VIVIENDAS,Viviendas,VIVIENDAS,3,,,,
Santiago del Teide,38040,2013,2013,Saldo de viviendas,SALDO_VIVIENDAS,Viviendas,VIVIENDAS,2,,,,
Santiago del Teide,38040,2014,2014,Saldo de viviendas,SALDO_VIVIENDAS,Viviendas,VIVIENDAS,0,,,,
Santiago del Teide,38040,2015,2015,Saldo de viviendas,SALDO_VIVIENDAS,Viviendas,VIVIENDAS,0,,,,
Santiago del Teide,38040,2016,2016,Saldo de viviendas,SALDO_VIVIENDAS,Viviendas,VIVIENDAS,6,,,,
Santiago del Teide,38040,2017,2017,Saldo de viviendas,SALDO_VIVIENDAS,Viviendas,VIVIENDAS,1,,,,
Santiago del Teide,38040,2018,2018,Saldo de viviendas,SALDO_VIVIENDAS,Viviendas,VIVIENDAS,41,,,,
Santiago del Teide,38040,2019,2019,Saldo de viviendas,SALDO_VIVIENDAS,Viviendas,VIVIENDAS,63,,,,
Santiago del Teide,38040,2012,2012,Obra nueva,OBRA_NUEVA,Viviendas,VIVIENDAS,3,,,,
Santiago del Teide,38040,2013,2013,Obra nueva,OBRA_NUEVA,Viviendas,VIVIENDAS,2,,,,
Santiago del Teide,38040,2014,2014,Obra nueva,OBRA_NUEVA,Viviendas,VIVIENDAS,0,,,,
Santiago del Teide,38040,2015,2015,Obra nueva,OBRA_NUEVA,Viviendas,VIVIENDAS,0,,,,
Santiago del Teide,38040,2016,2016,Obra nueva,OBRA_NUEVA,Viviendas,VIVIENDAS,6,,,,
Santiago del Teide,38040,2017,2017,Obra nueva,OBRA_NUEVA,Viviendas,VIVIENDAS,1,,,,
Santiago del Teide,38040,2018,2018,Obra nueva,OBRA_NUEVA,Viviendas,VIVIENDAS,42,,,,
Santiago del Teide,38040,2019,2019,Obra nueva,OBRA_NUEVA,Viviendas,VIVIENDAS,63,,,,
El Sauzal,38041,2012,2012,Demolición,DEMOLICION,Viviendas,VIVIENDAS,0,,,,
El Sauzal,38041,2013,2013,Demolición,DEMOLICION,Viviendas,VIVIENDAS,0,,,,
El Sauzal,38041,2014,2014,Demolición,DEMOLICION,Viviendas,VIVIENDAS,0,,,,
El Sauzal,38041,2015,2015,Demolición,DEMOLICION,Viviendas,VIVIENDAS,0,,,,
El Sauzal,38041,2016,2016,Demolición,DEMOLICION,Viviendas,VIVIENDAS,0,,,,
El Sauzal,38041,2017,2017,Demolición,DEMOLICION,Viviendas,VIVIENDAS,1,,,,
El Sauzal,38041,2018,2018,Demolición,DEMOLICION,Viviendas,VIVIENDAS,0,,,,
El Sauzal,38041,2019,2019,Demolición,DEMOLICION,Viviendas,VIVIENDAS,0,,,,
El Sauzal,38041,2012,2012,Rehabilitación,REHABILITACION,Viviendas,VIVIENDAS,0,,,,
El Sauzal,38041,2013,2013,Rehabilitación,REHABILITACION,Viviendas,VIVIENDAS,0,,,,
El Sauzal,38041,2014,2014,Rehabilitación,REHABILITACION,Viviendas,VIVIENDAS,0,,,,
El Sauzal,38041,2015,2015,Rehabilitación,REHABILITACION,Viviendas,VIVIENDAS,1,,,,
El Sauzal,38041,2016,2016,Rehabilitación,REHABILITACION,Viviendas,VIVIENDAS,1,,,,
El Sauzal,38041,2017,2017,Rehabilitación,REHABILITACION,Viviendas,VIVIENDAS,1,,,,
El Sauzal,38041,2018,2018,Rehabilitación,REHABILITACION,Viviendas,VIVIENDAS,0,,,,
El Sauzal,38041,2019,2019,Rehabilitación,REHABILITACION,Viviendas,VIVIENDAS,0,,,,
El Sauzal,38041,2012,2012,Saldo de viviendas,SALDO_VIVIENDAS,Viviendas,VIVIENDAS,3,,,,
El Sauzal,38041,2013,2013,Saldo de viviendas,SALDO_VIVIENDAS,Viviendas,VIVIENDAS,3,,,,
El Sauzal,38041,2014,2014,Saldo de viviendas,SALDO_VIVIENDAS,Viviendas,VIVIENDAS,1,,,,
El Sauzal,38041,2015,2015,Saldo de viviendas,SALDO_VIVIENDAS,Viviendas,VIVIENDAS,7,,,,
El Sauzal,38041,2016,2016,Saldo de viviendas,SALDO_VIVIENDAS,Viviendas,VIVIENDAS,2,,,,
El Sauzal,38041,2017,2017,Saldo de viviendas,SALDO_VIVIENDAS,Viviendas,VIVIENDAS,6,,,,
El Sauzal,38041,2018,2018,Saldo de viviendas,SALDO_VIVIENDAS,Viviendas,VIVIENDAS,2,,,,
El Sauzal,38041,2019,2019,Saldo de viviendas,SALDO_VIVIENDAS,Viviendas,VIVIENDAS,7,,,,
El Sauzal,38041,2012,2012,Obra nueva,OBRA_NUEVA,Viviendas,VIVIENDAS,3,,,,
El Sauzal,38041,2013,2013,Obra nueva,OBRA_NUEVA,Viviendas,VIVIENDAS,3,,,,
El Sauzal,38041,2014,2014,Obra nueva,OBRA_NUEVA,Viviendas,VIVIENDAS,1,,,,
El Sauzal,38041,2015,2015,Obra nueva,OBRA_NUEVA,Viviendas,VIVIENDAS,6,,,,
El Sauzal,38041,2016,2016,Obra nueva,OBRA_NUEVA,Viviendas,VIVIENDAS,1,,,,
El Sauzal,38041,2017,2017,Obra nueva,OBRA_NUEVA,Viviendas,VIVIENDAS,6,,,,
El Sauzal,38041,2018,2018,Obra nueva,OBRA_NUEVA,Viviendas,VIVIENDAS,2,,,,
El Sauzal,38041,2019,2019,Obra nueva,OBRA_NUEVA,Viviendas,VIVIENDAS,7,,,,
Los Silos,38042,2012,2012,Demolición,DEMOLICION,Viviendas,VIVIENDAS,1,,,,
Los Silos,38042,2013,2013,Demolición,DEMOLICION,Viviendas,VIVIENDAS,0,,,,
Los Silos,38042,2014,2014,Demolición,DEMOLICION,Viviendas,VIVIENDAS,1,,,,
Los Silos,38042,2015,2015,Demolición,DEMOLICION,Viviendas,VIVIENDAS,0,,,,
Los Silos,38042,2016,2016,Demolición,DEMOLICION,Viviendas,VIVIENDAS,0,,,,
Los Silos,38042,2017,2017,Demolición,DEMOLICION,Viviendas,VIVIENDAS,0,,,,
Los Silos,38042,2018,2018,Demolición,DEMOLICION,Viviendas,VIVIENDAS,4,,,,
Los Silos,38042,2019,2019,Demolición,DEMOLICION,Viviendas,VIVIENDAS,0,,,,
Los Silos,38042,2012,2012,Rehabilitación,REHABILITACION,Viviendas,VIVIENDAS,0,,,,
Los Silos,38042,2013,2013,Rehabilitación,REHABILITACION,Viviendas,VIVIENDAS,0,,,,
Los Silos,38042,2014,2014,Rehabilitación,REHABILITACION,Viviendas,VIVIENDAS,2,,,,
Los Silos,38042,2015,2015,Rehabilitación,REHABILITACION,Viviendas,VIVIENDAS,0,,,,
Los Silos,38042,2016,2016,Rehabilitación,REHABILITACION,Viviendas,VIVIENDAS,0,,,,
Los Silos,38042,2017,2017,Rehabilitación,REHABILITACION,Viviendas,VIVIENDAS,1,,,,
Los Silos,38042,2018,2018,Rehabilitación,REHABILITACION,Viviendas,VIVIENDAS,0,,,,
Los Silos,38042,2019,2019,Rehabilitación,REHABILITACION,Viviendas,VIVIENDAS,1,,,,
Los Silos,38042,2012,2012,Saldo de viviendas,SALDO_VIVIENDAS,Viviendas,VIVIENDAS,1,,,,
Los Silos,38042,2013,2013,Saldo de viviendas,SALDO_VIVIENDAS,Viviendas,VIVIENDAS,2,,,,
Los Silos,38042,2014,2014,Saldo de viviendas,SALDO_VIVIENDAS,Viviendas,VIVIENDAS,2,,,,
Los Silos,38042,2015,2015,Saldo de viviendas,SALDO_VIVIENDAS,Viviendas,VIVIENDAS,0,,,,
Los Silos,38042,2016,2016,Saldo de viviendas,SALDO_VIVIENDAS,Viviendas,VIVIENDAS,0,,,,
Los Silos,38042,2017,2017,Saldo de viviendas,SALDO_VIVIENDAS,Viviendas,VIVIENDAS,1,,,,
Los Silos,38042,2018,2018,Saldo de viviendas,SALDO_VIVIENDAS,Viviendas,VIVIENDAS,-4,,,,
Los Silos,38042,2019,2019,Saldo de viviendas,SALDO_VIVIENDAS,Viviendas,VIVIENDAS,2,,,,
Los Silos,38042,2012,2012,Obra nueva,OBRA_NUEVA,Viviendas,VIVIENDAS,2,,,,
Los Silos,38042,2013,2013,Obra nueva,OBRA_NUEVA,Viviendas,VIVIENDAS,2,,,,
Los Silos,38042,2014,2014,Obra nueva,OBRA_NUEVA,Viviendas,VIVIENDAS,1,,,,
Los Silos,38042,2015,2015,Obra nueva,OBRA_NUEVA,Viviendas,VIVIENDAS,0,,,,
Los Silos,38042,2016,2016,Obra nueva,OBRA_NUEVA,Viviendas,VIVIENDAS,0,,,,
Los Silos,38042,2017,2017,Obra nueva,OBRA_NUEVA,Viviendas,VIVIENDAS,0,,,,
Los Silos,38042,2018,2018,Obra nueva,OBRA_NUEVA,Viviendas,VIVIENDAS,0,,,,
Los Silos,38042,2019,2019,Obra nueva,OBRA_NUEVA,Viviendas,VIVIENDAS,1,,,,
Tacoronte,38043,2012,2012,Demolición,DEMOLICION,Viviendas,VIVIENDAS,2,,,,
Tacoronte,38043,2013,2013,Demolición,DEMOLICION,Viviendas,VIVIENDAS,0,,,,
Tacoronte,38043,2014,2014,Demolición,DEMOLICION,Viviendas,VIVIENDAS,0,,,,
Tacoronte,38043,2015,2015,Demolición,DEMOLICION,Viviendas,VIVIENDAS,0,,,,
Tacoronte,38043,2016,2016,Demolición,DEMOLICION,Viviendas,VIVIENDAS,0,,,,
Tacoronte,38043,2017,2017,Demolición,DEMOLICION,Viviendas,VIVIENDAS,3,,,,
Tacoronte,38043,2018,2018,Demolición,DEMOLICION,Viviendas,VIVIENDAS,3,,,,
Tacoronte,38043,2019,2019,Demolición,DEMOLICION,Viviendas,VIVIENDAS,1,,,,
Tacoronte,38043,2012,2012,Rehabilitación,REHABILITACION,Viviendas,VIVIENDAS,1,,,,
Tacoronte,38043,2013,2013,Rehabilitación,REHABILITACION,Viviendas,VIVIENDAS,1,,,,
Tacoronte,38043,2014,2014,Rehabilitación,REHABILITACION,Viviendas,VIVIENDAS,0,,,,
Tacoronte,38043,2015,2015,Rehabilitación,REHABILITACION,Viviendas,VIVIENDAS,1,,,,
Tacoronte,38043,2016,2016,Rehabilitación,REHABILITACION,Viviendas,VIVIENDAS,1,,,,
Tacoronte,38043,2017,2017,Rehabilitación,REHABILITACION,Viviendas,VIVIENDAS,3,,,,
Tacoronte,38043,2018,2018,Rehabilitación,REHABILITACION,Viviendas,VIVIENDAS,1,,,,
Tacoronte,38043,2019,2019,Rehabilitación,REHABILITACION,Viviendas,VIVIENDAS,2,,,,
Tacoronte,38043,2012,2012,Saldo de viviendas,SALDO_VIVIENDAS,Viviendas,VIVIENDAS,4,,,,
Tacoronte,38043,2013,2013,Saldo de viviendas,SALDO_VIVIENDAS,Viviendas,VIVIENDAS,4,,,,
Tacoronte,38043,2014,2014,Saldo de viviendas,SALDO_VIVIENDAS,Viviendas,VIVIENDAS,0,,,,
Tacoronte,38043,2015,2015,Saldo de viviendas,SALDO_VIVIENDAS,Viviendas,VIVIENDAS,3,,,,
Tacoronte,38043,2016,2016,Saldo de viviendas,SALDO_VIVIENDAS,Viviendas,VIVIENDAS,3,,,,
Tacoronte,38043,2017,2017,Saldo de viviendas,SALDO_VIVIENDAS,Viviendas,VIVIENDAS,9,,,,
Tacoronte,38043,2018,2018,Saldo de viviendas,SALDO_VIVIENDAS,Viviendas,VIVIENDAS,7,,,,
Tacoronte,38043,2019,2019,Saldo de viviendas,SALDO_VIVIENDAS,Viviendas,VIVIENDAS,3,,,,
Tacoronte,38043,2012,2012,Obra nueva,OBRA_NUEVA,Viviendas,VIVIENDAS,5,,,,
Tacoronte,38043,2013,2013,Obra nueva,OBRA_NUEVA,Viviendas,VIVIENDAS,3,,,,
Tacoronte,38043,2014,2014,Obra nueva,OBRA_NUEVA,Viviendas,VIVIENDAS,0,,,,
Tacoronte,38043,2015,2015,Obra nueva,OBRA_NUEVA,Viviendas,VIVIENDAS,2,,,,
Tacoronte,38043,2016,2016,Obra nueva,OBRA_NUEVA,Viviendas,VIVIENDAS,2,,,,
Tacoronte,38043,2017,2017,Obra nueva,OBRA_NUEVA,Viviendas,VIVIENDAS,9,,,,
Tacoronte,38043,2018,2018,Obra nueva,OBRA_NUEVA,Viviendas,VIVIENDAS,9,,,,
Tacoronte,38043,2019,2019,Obra nueva,OBRA_NUEVA,Viviendas,VIVIENDAS,2,,,,
El Tanque,38044,2012,2012,Demolición,DEMOLICION,Viviendas,VIVIENDAS,1,,,,
El Tanque,38044,2013,2013,Demolición,DEMOLICION,Viviendas,VIVIENDAS,0,,,,
El Tanque,38044,2014,2014,Demolición,DEMOLICION,Viviendas,VIVIENDAS,1,,,,
El Tanque,38044,2015,2015,Demolición,DEMOLICION,Viviendas,VIVIENDAS,0,,,,
El Tanque,38044,2016,2016,Demolición,DEMOLICION,Viviendas,VIVIENDAS,0,,,,
El Tanque,38044,2017,2017,Demolición,DEMOLICION,Viviendas,VIVIENDAS,0,,,,
El Tanque,38044,2018,2018,Demolición,DEMOLICION,Viviendas,VIVIENDAS,0,,,,
El Tanque,38044,2019,2019,Demolición,DEMOLICION,Viviendas,VIVIENDAS,0,,,,
El Tanque,38044,2012,2012,Rehabilitación,REHABILITACION,Viviendas,VIVIENDAS,1,,,,
El Tanque,38044,2013,2013,Rehabilitación,REHABILITACION,Viviendas,VIVIENDAS,0,,,,
El Tanque,38044,2014,2014,Rehabilitación,REHABILITACION,Viviendas,VIVIENDAS,0,,,,
El Tanque,38044,2015,2015,Rehabilitación,REHABILITACION,Viviendas,VIVIENDAS,0,,,,
El Tanque,38044,2016,2016,Rehabilitación,REHABILITACION,Viviendas,VIVIENDAS,0,,,,
El Tanque,38044,2017,2017,Rehabilitación,REHABILITACION,Viviendas,VIVIENDAS,0,,,,
El Tanque,38044,2018,2018,Rehabilitación,REHABILITACION,Viviendas,VIVIENDAS,0,,,,
El Tanque,38044,2019,2019,Rehabilitación,REHABILITACION,Viviendas,VIVIENDAS,0,,,,
El Tanque,38044,2012,2012,Saldo de viviendas,SALDO_VIVIENDAS,Viviendas,VIVIENDAS,2,,,,
El Tanque,38044,2013,2013,Saldo de viviendas,SALDO_VIVIENDAS,Viviendas,VIVIENDAS,0,,,,
El Tanque,38044,2014,2014,Saldo de viviendas,SALDO_VIVIENDAS,Viviendas,VIVIENDAS,-1,,,,
El Tanque,38044,2015,2015,Saldo de viviendas,SALDO_VIVIENDAS,Viviendas,VIVIENDAS,0,,,,
El Tanque,38044,2016,2016,Saldo de viviendas,SALDO_VIVIENDAS,Viviendas,VIVIENDAS,0,,,,
El Tanque,38044,2017,2017,Saldo de viviendas,SALDO_VIVIENDAS,Viviendas,VIVIENDAS,0,,,,
El Tanque,38044,2018,2018,Saldo de viviendas,SALDO_VIVIENDAS,Viviendas,VIVIENDAS,3,,,,
El Tanque,38044,2019,2019,Saldo de viviendas,SALDO_VIVIENDAS,Viviendas,VIVIENDAS,0,,,,
El Tanque,38044,2012,2012,Obra nueva,OBRA_NUEVA,Viviendas,VIVIENDAS,2,,,,
El Tanque,38044,2013,2013,Obra nueva,OBRA_NUEVA,Viviendas,VIVIENDAS,0,,,,
El Tanque,38044,2014,2014,Obra nueva,OBRA_NUEVA,Viviendas,VIVIENDAS,0,,,,
El Tanque,38044,2015,2015,Obra nueva,OBRA_NUEVA,Viviendas,VIVIENDAS,0,,,,
El Tanque,38044,2016,2016,Obra nueva,OBRA_NUEVA,Viviendas,VIVIENDAS,0,,,,
El Tanque,38044,2017,2017,Obra nueva,OBRA_NUEVA,Viviendas,VIVIENDAS,0,,,,
El Tanque,38044,2018,2018,Obra nueva,OBRA_NUEVA,Viviendas,VIVIENDAS,3,,,,
El Tanque,38044,2019,2019,Obra nueva,OBRA_NUEVA,Viviendas,VIVIENDAS,0,,,,
Tegueste,38046,2012,2012,Demolición,DEMOLICION,Viviendas,VIVIENDAS,1,,,,
Tegueste,38046,2013,2013,Demolición,DEMOLICION,Viviendas,VIVIENDAS,0,,,,
Tegueste,38046,2014,2014,Demolición,DEMOLICION,Viviendas,VIVIENDAS,1,,,,
Tegueste,38046,2015,2015,Demolición,DEMOLICION,Viviendas,VIVIENDAS,0,,,,
Tegueste,38046,2016,2016,Demolición,DEMOLICION,Viviendas,VIVIENDAS,0,,,,
Tegueste,38046,2017,2017,Demolición,DEMOLICION,Viviendas,VIVIENDAS,0,,,,
Tegueste,38046,2018,2018,Demolición,DEMOLICION,Viviendas,VIVIENDAS,0,,,,
Tegueste,38046,2019,2019,Demolición,DEMOLICION,Viviendas,VIVIENDAS,1,,,,
Tegueste,38046,2012,2012,Rehabilitación,REHABILITACION,Viviendas,VIVIENDAS,0,,,,
Tegueste,38046,2013,2013,Rehabilitación,REHABILITACION,Viviendas,VIVIENDAS,1,,,,
Tegueste,38046,2014,2014,Rehabilitación,REHABILITACION,Viviendas,VIVIENDAS,1,,,,
Tegueste,38046,2015,2015,Rehabilitación,REHABILITACION,Viviendas,VIVIENDAS,1,,,,
Tegueste,38046,2016,2016,Rehabilitación,REHABILITACION,Viviendas,VIVIENDAS,2,,,,
Tegueste,38046,2017,2017,Rehabilitación,REHABILITACION,Viviendas,VIVIENDAS,1,,,,
Tegueste,38046,2018,2018,Rehabilitación,REHABILITACION,Viviendas,VIVIENDAS,1,,,,
Tegueste,38046,2019,2019,Rehabilitación,REHABILITACION,Viviendas,VIVIENDAS,0,,,,
Tegueste,38046,2012,2012,Saldo de viviendas,SALDO_VIVIENDAS,Viviendas,VIVIENDAS,1,,,,
Tegueste,38046,2013,2013,Saldo de viviendas,SALDO_VIVIENDAS,Viviendas,VIVIENDAS,4,,,,
Tegueste,38046,2014,2014,Saldo de viviendas,SALDO_VIVIENDAS,Viviendas,VIVIENDAS,0,,,,
Tegueste,38046,2015,2015,Saldo de viviendas,SALDO_VIVIENDAS,Viviendas,VIVIENDAS,1,,,,
Tegueste,38046,2016,2016,Saldo de viviendas,SALDO_VIVIENDAS,Viviendas,VIVIENDAS,3,,,,
Tegueste,38046,2017,2017,Saldo de viviendas,SALDO_VIVIENDAS,Viviendas,VIVIENDAS,1,,,,
Tegueste,38046,2018,2018,Saldo de viviendas,SALDO_VIVIENDAS,Viviendas,VIVIENDAS,2,,,,
Tegueste,38046,2019,2019,Saldo de viviendas,SALDO_VIVIENDAS,Viviendas,VIVIENDAS,-1,,,,
Tegueste,38046,2012,2012,Obra nueva,OBRA_NUEVA,Viviendas,VIVIENDAS,2,,,,
Tegueste,38046,2013,2013,Obra nueva,OBRA_NUEVA,Viviendas,VIVIENDAS,3,,,,
Tegueste,38046,2014,2014,Obra nueva,OBRA_NUEVA,Viviendas,VIVIENDAS,0,,,,
Tegueste,38046,2015,2015,Obra nueva,OBRA_NUEVA,Viviendas,VIVIENDAS,0,,,,
Tegueste,38046,2016,2016,Obra nueva,OBRA_NUEVA,Viviendas,VIVIENDAS,1,,,,
Tegueste,38046,2017,2017,Obra nueva,OBRA_NUEVA,Viviendas,VIVIENDAS,0,,,,
Tegueste,38046,2018,2018,Obra nueva,OBRA_NUEVA,Viviendas,VIVIENDAS,1,,,,
Tegueste,38046,2019,2019,Obra nueva,OBRA_NUEVA,Viviendas,VIVIENDAS,0,,,,
La Victoria de Acentejo,38051,2012,2012,Demolición,DEMOLICION,Viviendas,VIVIENDAS,0,,,,
La Victoria de Acentejo,38051,2013,2013,Demolición,DEMOLICION,Viviendas,VIVIENDAS,0,,,,
La Victoria de Acentejo,38051,2014,2014,Demolición,DEMOLICION,Viviendas,VIVIENDAS,0,,,,
La Victoria de Acentejo,38051,2015,2015,Demolición,DEMOLICION,Viviendas,VIVIENDAS,0,,,,
La Victoria de Acentejo,38051,2016,2016,Demolición,DEMOLICION,Viviendas,VIVIENDAS,0,,,,
La Victoria de Acentejo,38051,2017,2017,Demolición,DEMOLICION,Viviendas,VIVIENDAS,0,,,,
La Victoria de Acentejo,38051,2018,2018,Demolición,DEMOLICION,Viviendas,VIVIENDAS,0,,,,
La Victoria de Acentejo,38051,2019,2019,Demolición,DEMOLICION,Viviendas,VIVIENDAS,0,,,,
La Victoria de Acentejo,38051,2012,2012,Rehabilitación,REHABILITACION,Viviendas,VIVIENDAS,0,,,,
La Victoria de Acentejo,38051,2013,2013,Rehabilitación,REHABILITACION,Viviendas,VIVIENDAS,0,,,,
La Victoria de Acentejo,38051,2014,2014,Rehabilitación,REHABILITACION,Viviendas,VIVIENDAS,0,,,,
La Victoria de Acentejo,38051,2015,2015,Rehabilitación,REHABILITACION,Viviendas,VIVIENDAS,0,,,,
La Victoria de Acentejo,38051,2016,2016,Rehabilitación,REHABILITACION,Viviendas,VIVIENDAS,1,,,,
La Victoria de Acentejo,38051,2017,2017,Rehabilitación,REHABILITACION,Viviendas,VIVIENDAS,0,,,,
La Victoria de Acentejo,38051,2018,2018,Rehabilitación,REHABILITACION,Viviendas,VIVIENDAS,0,,,,
La Victoria de Acentejo,38051,2019,2019,Rehabilitación,REHABILITACION,Viviendas,VIVIENDAS,0,,,,
La Victoria de Acentejo,38051,2012,2012,Saldo de viviendas,SALDO_VIVIENDAS,Viviendas,VIVIENDAS,11,,,,
La Victoria de Acentejo,38051,2013,2013,Saldo de viviendas,SALDO_VIVIENDAS,Viviendas,VIVIENDAS,3,,,,
La Victoria de Acentejo,38051,2014,2014,Saldo de viviendas,SALDO_VIVIENDAS,Viviendas,VIVIENDAS,1,,,,
La Victoria de Acentejo,38051,2015,2015,Saldo de viviendas,SALDO_VIVIENDAS,Viviendas,VIVIENDAS,0,,,,
La Victoria de Acentejo,38051,2016,2016,Saldo de viviendas,SALDO_VIVIENDAS,Viviendas,VIVIENDAS,1,,,,
La Victoria de Acentejo,38051,2017,2017,Saldo de viviendas,SALDO_VIVIENDAS,Viviendas,VIVIENDAS,1,,,,
La Victoria de Acentejo,38051,2018,2018,Saldo de viviendas,SALDO_VIVIENDAS,Viviendas,VIVIENDAS,1,,,,
La Victoria de Acentejo,38051,2019,2019,Saldo de viviendas,SALDO_VIVIENDAS,Viviendas,VIVIENDAS,3,,,,
La Victoria de Acentejo,38051,2012,2012,Obra nueva,OBRA_NUEVA,Viviendas,VIVIENDAS,11,,,,
La Victoria de Acentejo,38051,2013,2013,Obra nueva,OBRA_NUEVA,Viviendas,VIVIENDAS,3,,,,
La Victoria de Acentejo,38051,2014,2014,Obra nueva,OBRA_NUEVA,Viviendas,VIVIENDAS,1,,,,
La Victoria de Acentejo,38051,2015,2015,Obra nueva,OBRA_NUEVA,Viviendas,VIVIENDAS,0,,,,
La Victoria de Acentejo,38051,2016,2016,Obra nueva,OBRA_NUEVA,Viviendas,VIVIENDAS,0,,,,
La Victoria de Acentejo,38051,2017,2017,Obra nueva,OBRA_NUEVA,Viviendas,VIVIENDAS,1,,,,
La Victoria de Acentejo,38051,2018,2018,Obra nueva,OBRA_NUEVA,Viviendas,VIVIENDAS,1,,,,
La Victoria de Acentejo,38051,2019,2019,Obra nueva,OBRA_NUEVA,Viviendas,VIVIENDAS,3,,,,
Vilaflor de Chasna,38052,2012,2012,Demolición,DEMOLICION,Viviendas,VIVIENDAS,0,,,,
Vilaflor de Chasna,38052,2013,2013,Demolición,DEMOLICION,Viviendas,VIVIENDAS,0,,,,
Vilaflor de Chasna,38052,2014,2014,Demolición,DEMOLICION,Viviendas,VIVIENDAS,0,,,,
Vilaflor de Chasna,38052,2015,2015,Demolición,DEMOLICION,Viviendas,VIVIENDAS,0,,,,
Vilaflor de Chasna,38052,2016,2016,Demolición,DEMOLICION,Viviendas,VIVIENDAS,0,,,,
Vilaflor de Chasna,38052,2017,2017,Demolición,DEMOLICION,Viviendas,VIVIENDAS,0,,,,
Vilaflor de Chasna,38052,2018,2018,Demolición,DEMOLICION,Viviendas,VIVIENDAS,0,,,,
Vilaflor de Chasna,38052,2019,2019,Demolición,DEMOLICION,Viviendas,VIVIENDAS,0,,,,
Vilaflor de Chasna,38052,2012,2012,Rehabilitación,REHABILITACION,Viviendas,VIVIENDAS,0,,,,
Vilaflor de Chasna,38052,2013,2013,Rehabilitación,REHABILITACION,Viviendas,VIVIENDAS,0,,,,
Vilaflor de Chasna,38052,2014,2014,Rehabilitación,REHABILITACION,Viviendas,VIVIENDAS,0,,,,
Vilaflor de Chasna,38052,2015,2015,Rehabilitación,REHABILITACION,Viviendas,VIVIENDAS,0,,,,
Vilaflor de Chasna,38052,2016,2016,Rehabilitación,REHABILITACION,Viviendas,VIVIENDAS,0,,,,
Vilaflor de Chasna,38052,2017,2017,Rehabilitación,REHABILITACION,Viviendas,VIVIENDAS,0,,,,
Vilaflor de Chasna,38052,2018,2018,Rehabilitación,REHABILITACION,Viviendas,VIVIENDAS,0,,,,
Vilaflor de Chasna,38052,2019,2019,Rehabilitación,REHABILITACION,Viviendas,VIVIENDAS,0,,,,
Vilaflor de Chasna,38052,2012,2012,Saldo de viviendas,SALDO_VIVIENDAS,Viviendas,VIVIENDAS,2,,,,
Vilaflor de Chasna,38052,2013,2013,Saldo de viviendas,SALDO_VIVIENDAS,Viviendas,VIVIENDAS,4,,,,
Vilaflor de Chasna,38052,2014,2014,Saldo de viviendas,SALDO_VIVIENDAS,Viviendas,VIVIENDAS,2,,,,
Vilaflor de Chasna,38052,2015,2015,Saldo de viviendas,SALDO_VIVIENDAS,Viviendas,VIVIENDAS,0,,,,
Vilaflor de Chasna,38052,2016,2016,Saldo de viviendas,SALDO_VIVIENDAS,Viviendas,VIVIENDAS,0,,,,
Vilaflor de Chasna,38052,2017,2017,Saldo de viviendas,SALDO_VIVIENDAS,Viviendas,VIVIENDAS,0,,,,
Vilaflor de Chasna,38052,2018,2018,Saldo de viviendas,SALDO_VIVIENDAS,Viviendas,VIVIENDAS,0,,,,
Vilaflor de Chasna,38052,2019,2019,Saldo de viviendas,SALDO_VIVIENDAS,Viviendas,VIVIENDAS,1,,,,
Vilaflor de Chasna,38052,2012,2012,Obra nueva,OBRA_NUEVA,Viviendas,VIVIENDAS,2,,,,
Vilaflor de Chasna,38052,2013,2013,Obra nueva,OBRA_NUEVA,Viviendas,VIVIENDAS,4,,,,
Vilaflor de Chasna,38052,2014,2014,Obra nueva,OBRA_NUEVA,Viviendas,VIVIENDAS,2,,,,
Vilaflor de Chasna,38052,2015,2015,Obra nueva,OBRA_NUEVA,Viviendas,VIVIENDAS,0,,,,
Vilaflor de Chasna,38052,2016,2016,Obra nueva,OBRA_NUEVA,Viviendas,VIVIENDAS,0,,,,
Vilaflor de Chasna,38052,2017,2017,Obra nueva,OBRA_NUEVA,Viviendas,VIVIENDAS,0,,,,
Vilaflor de Chasna,38052,2018,2018,Obra nueva,OBRA_NUEVA,Viviendas,VIVIENDAS,0,,,,
Vilaflor de Chasna,38052,2019,2019,Obra nueva,OBRA_NUEVA,Viviendas,VIVIENDAS,1,,,,
Agulo,38002,2012,2012,Demolición,DEMOLICION,Viviendas,VIVIENDAS,0,,,,
Agulo,38002,2013,2013,Demolición,DEMOLICION,Viviendas,VIVIENDAS,0,,,,
Agulo,38002,2014,2014,Demolición,DEMOLICION,Viviendas,VIVIENDAS,0,,,,
Agulo,38002,2015,2015,Demolición,DEMOLICION,Viviendas,VIVIENDAS,0,,,,
Agulo,38002,2016,2016,Demolición,DEMOLICION,Viviendas,VIVIENDAS,0,,,,
Agulo,38002,2017,2017,Demolición,DEMOLICION,Viviendas,VIVIENDAS,0,,,,
Agulo,38002,2018,2018,Demolición,DEMOLICION,Viviendas,VIVIENDAS,0,,,,
Agulo,38002,2019,2019,Demolición,DEMOLICION,Viviendas,VIVIENDAS,0,,,,
Agulo,38002,2012,2012,Rehabilitación,REHABILITACION,Viviendas,VIVIENDAS,1,,,,
Agulo,38002,2013,2013,Rehabilitación,REHABILITACION,Viviendas,VIVIENDAS,1,,,,
Agulo,38002,2014,2014,Rehabilitación,REHABILITACION,Viviendas,VIVIENDAS,0,,,,
Agulo,38002,2015,2015,Rehabilitación,REHABILITACION,Viviendas,VIVIENDAS,1,,,,
Agulo,38002,2016,2016,Rehabilitación,REHABILITACION,Viviendas,VIVIENDAS,1,,,,
Agulo,38002,2017,2017,Rehabilitación,REHABILITACION,Viviendas,VIVIENDAS,3,,,,
Agulo,38002,2018,2018,Rehabilitación,REHABILITACION,Viviendas,VIVIENDAS,0,,,,
Agulo,38002,2019,2019,Rehabilitación,REHABILITACION,Viviendas,VIVIENDAS,3,,,,
Agulo,38002,2012,2012,Saldo de viviendas,SALDO_VIVIENDAS,Viviendas,VIVIENDAS,1,,,,
Agulo,38002,2013,2013,Saldo de viviendas,SALDO_VIVIENDAS,Viviendas,VIVIENDAS,2,,,,
Agulo,38002,2014,2014,Saldo de viviendas,SALDO_VIVIENDAS,Viviendas,VIVIENDAS,0,,,,
Agulo,38002,2015,2015,Saldo de viviendas,SALDO_VIVIENDAS,Viviendas,VIVIENDAS,1,,,,
Agulo,38002,2016,2016,Saldo de viviendas,SALDO_VIVIENDAS,Viviendas,VIVIENDAS,4,,,,
Agulo,38002,2017,2017,Saldo de viviendas,SALDO_VIVIENDAS,Viviendas,VIVIENDAS,3,,,,
Agulo,38002,2018,2018,Saldo de viviendas,SALDO_VIVIENDAS,Viviendas,VIVIENDAS,0,,,,
Agulo,38002,2019,2019,Saldo de viviendas,SALDO_VIVIENDAS,Viviendas,VIVIENDAS,3,,,,
Agulo,38002,2012,2012,Obra nueva,OBRA_NUEVA,Viviendas,VIVIENDAS,0,,,,
Agulo,38002,2013,2013,Obra nueva,OBRA_NUEVA,Viviendas,VIVIENDAS,1,,,,
Agulo,38002,2014,2014,Obra nueva,OBRA_NUEVA,Viviendas,VIVIENDAS,0,,,,
Agulo,38002,2015,2015,Obra nueva,OBRA_NUEVA,Viviendas,VIVIENDAS,0,,,,
Agulo,38002,2016,2016,Obra nueva,OBRA_NUEVA,Viviendas,VIVIENDAS,3,,,,
Agulo,38002,2017,2017,Obra nueva,OBRA_NUEVA,Viviendas,VIVIENDAS,0,,,,
Agulo,38002,2018,2018,Obra nueva,OBRA_NUEVA,Viviendas,VIVIENDAS,0,,,,
Agulo,38002,2019,2019,Obra nueva,OBRA_NUEVA,Viviendas,VIVIENDAS,0,,,,
Alajeró,38003,2012,2012,Demolición,DEMOLICION,Viviendas,VIVIENDAS,0,,,,
Alajeró,38003,2013,2013,Demolición,DEMOLICION,Viviendas,VIVIENDAS,0,,,,
Alajeró,38003,2014,2014,Demolición,DEMOLICION,Viviendas,VIVIENDAS,0,,,,
Alajeró,38003,2015,2015,Demolición,DEMOLICION,Viviendas,VIVIENDAS,1,,,,
Alajeró,38003,2016,2016,Demolición,DEMOLICION,Viviendas,VIVIENDAS,0,,,,
Alajeró,38003,2017,2017,Demolición,DEMOLICION,Viviendas,VIVIENDAS,0,,,,
Alajeró,38003,2018,2018,Demolición,DEMOLICION,Viviendas,VIVIENDAS,0,,,,
Alajeró,38003,2019,2019,Demolición,DEMOLICION,Viviendas,VIVIENDAS,0,,,,
Alajeró,38003,2012,2012,Rehabilitación,REHABILITACION,Viviendas,VIVIENDAS,0,,,,
Alajeró,38003,2013,2013,Rehabilitación,REHABILITACION,Viviendas,VIVIENDAS,0,,,,
Alajeró,38003,2014,2014,Rehabilitación,REHABILITACION,Viviendas,VIVIENDAS,1,,,,
Alajeró,38003,2015,2015,Rehabilitación,REHABILITACION,Viviendas,VIVIENDAS,5,,,,
Alajeró,38003,2016,2016,Rehabilitación,REHABILITACION,Viviendas,VIVIENDAS,0,,,,
Alajeró,38003,2017,2017,Rehabilitación,REHABILITACION,Viviendas,VIVIENDAS,1,,,,
Alajeró,38003,2018,2018,Rehabilitación,REHABILITACION,Viviendas,VIVIENDAS,0,,,,
Alajeró,38003,2019,2019,Rehabilitación,REHABILITACION,Viviendas,VIVIENDAS,0,,,,
Alajeró,38003,2012,2012,Saldo de viviendas,SALDO_VIVIENDAS,Viviendas,VIVIENDAS,0,,,,
Alajeró,38003,2013,2013,Saldo de viviendas,SALDO_VIVIENDAS,Viviendas,VIVIENDAS,1,,,,
Alajeró,38003,2014,2014,Saldo de viviendas,SALDO_VIVIENDAS,Viviendas,VIVIENDAS,1,,,,
Alajeró,38003,2015,2015,Saldo de viviendas,SALDO_VIVIENDAS,Viviendas,VIVIENDAS,5,,,,
Alajeró,38003,2016,2016,Saldo de viviendas,SALDO_VIVIENDAS,Viviendas,VIVIENDAS,1,,,,
Alajeró,38003,2017,2017,Saldo de viviendas,SALDO_VIVIENDAS,Viviendas,VIVIENDAS,2,,,,
Alajeró,38003,2018,2018,Saldo de viviendas,SALDO_VIVIENDAS,Viviendas,VIVIENDAS,0,,,,
Alajeró,38003,2019,2019,Saldo de viviendas,SALDO_VIVIENDAS,Viviendas,VIVIENDAS,3,,,,
Alajeró,38003,2012,2012,Obra nueva,OBRA_NUEVA,Viviendas,VIVIENDAS,0,,,,
Alajeró,38003,2013,2013,Obra nueva,OBRA_NUEVA,Viviendas,VIVIENDAS,1,,,,
Alajeró,38003,2014,2014,Obra nueva,OBRA_NUEVA,Viviendas,VIVIENDAS,0,,,,
Alajeró,38003,2015,2015,Obra nueva,OBRA_NUEVA,Viviendas,VIVIENDAS,1,,,,
Alajeró,38003,2016,2016,Obra nueva,OBRA_NUEVA,Viviendas,VIVIENDAS,1,,,,
Alajeró,38003,2017,2017,Obra nueva,OBRA_NUEVA,Viviendas,VIVIENDAS,1,,,,
Alajeró,38003,2018,2018,Obra nueva,OBRA_NUEVA,Viviendas,VIVIENDAS,0,,,,
Alajeró,38003,2019,2019,Obra nueva,OBRA_NUEVA,Viviendas,VIVIENDAS,3,,,,
Hermigua,38021,2012,2012,Demolición,DEMOLICION,Viviendas,VIVIENDAS,0,,,,
Hermigua,38021,2013,2013,Demolición,DEMOLICION,Viviendas,VIVIENDAS,0,,,,
Hermigua,38021,2014,2014,Demolición,DEMOLICION,Viviendas,VIVIENDAS,0,,,,
Hermigua,38021,2015,2015,Demolición,DEMOLICION,Viviendas,VIVIENDAS,0,,,,
Hermigua,38021,2016,2016,Demolición,DEMOLICION,Viviendas,VIVIENDAS,0,,,,
Hermigua,38021,2017,2017,Demolición,DEMOLICION,Viviendas,VIVIENDAS,0,,,,
Hermigua,38021,2018,2018,Demolición,DEMOLICION,Viviendas,VIVIENDAS,0,,,,
Hermigua,38021,2019,2019,Demolición,DEMOLICION,Viviendas,VIVIENDAS,2,,,,
Hermigua,38021,2012,2012,Rehabilitación,REHABILITACION,Viviendas,VIVIENDAS,1,,,,
Hermigua,38021,2013,2013,Rehabilitación,REHABILITACION,Viviendas,VIVIENDAS,0,,,,
Hermigua,38021,2014,2014,Rehabilitación,REHABILITACION,Viviendas,VIVIENDAS,0,,,,
Hermigua,38021,2015,2015,Rehabilitación,REHABILITACION,Viviendas,VIVIENDAS,0,,,,
Hermigua,38021,2016,2016,Rehabilitación,REHABILITACION,Viviendas,VIVIENDAS,1,,,,
Hermigua,38021,2017,2017,Rehabilitación,REHABILITACION,Viviendas,VIVIENDAS,3,,,,
Hermigua,38021,2018,2018,Rehabilitación,REHABILITACION,Viviendas,VIVIENDAS,0,,,,
Hermigua,38021,2019,2019,Rehabilitación,REHABILITACION,Viviendas,VIVIENDAS,1,,,,
Hermigua,38021,2012,2012,Saldo de viviendas,SALDO_VIVIENDAS,Viviendas,VIVIENDAS,2,,,,
Hermigua,38021,2013,2013,Saldo de viviendas,SALDO_VIVIENDAS,Viviendas,VIVIENDAS,0,,,,
Hermigua,38021,2014,2014,Saldo de viviendas,SALDO_VIVIENDAS,Viviendas,VIVIENDAS,0,,,,
Hermigua,38021,2015,2015,Saldo de viviendas,SALDO_VIVIENDAS,Viviendas,VIVIENDAS,0,,,,
Hermigua,38021,2016,2016,Saldo de viviendas,SALDO_VIVIENDAS,Viviendas,VIVIENDAS,1,,,,
Hermigua,38021,2017,2017,Saldo de viviendas,SALDO_VIVIENDAS,Viviendas,VIVIENDAS,3,,,,
Hermigua,38021,2018,2018,Saldo de viviendas,SALDO_VIVIENDAS,Viviendas,VIVIENDAS,1,,,,
Hermigua,38021,2019,2019,Saldo de viviendas,SALDO_VIVIENDAS,Viviendas,VIVIENDAS,2,,,,
Hermigua,38021,2012,2012,Obra nueva,OBRA_NUEVA,Viviendas,VIVIENDAS,1,,,,
Hermigua,38021,2013,2013,Obra nueva,OBRA_NUEVA,Viviendas,VIVIENDAS,0,,,,
Hermigua,38021,2014,2014,Obra nueva,OBRA_NUEVA,Viviendas,VIVIENDAS,0,,,,
Hermigua,38021,2015,2015,Obra nueva,OBRA_NUEVA,Viviendas,VIVIENDAS,0,,,,
Hermigua,38021,2016,2016,Obra nueva,OBRA_NUEVA,Viviendas,VIVIENDAS,0,,,,
Hermigua,38021,2017,2017,Obra nueva,OBRA_NUEVA,Viviendas,VIVIENDAS,0,,,,
Hermigua,38021,2018,2018,Obra nueva,OBRA_NUEVA,Viviendas,VIVIENDAS,1,,,,
Hermigua,38021,2019,2019,Obra nueva,OBRA_NUEVA,Viviendas,VIVIENDAS,3,,,,
San Sebastián de La Gomera,38036,2012,2012,Demolición,DEMOLICION,Viviendas,VIVIENDAS,0,,,,
San Sebastián de La Gomera,38036,2013,2013,Demolición,DEMOLICION,Viviendas,VIVIENDAS,0,,,,
San Sebastián de La Gomera,38036,2014,2014,Demolición,DEMOLICION,Viviendas,VIVIENDAS,0,,,,
San Sebastián de La Gomera,38036,2015,2015,Demolición,DEMOLICION,Viviendas,VIVIENDAS,0,,,,
San Sebastián de La Gomera,38036,2016,2016,Demolición,DEMOLICION,Viviendas,VIVIENDAS,0,,,,
San Sebastián de La Gomera,38036,2017,2017,Demolición,DEMOLICION,Viviendas,VIVIENDAS,1,,,,
San Sebastián de La Gomera,38036,2018,2018,Demolición,DEMOLICION,Viviendas,VIVIENDAS,0,,,,
San Sebastián de La Gomera,38036,2019,2019,Demolición,DEMOLICION,Viviendas,VIVIENDAS,1,,,,
San Sebastián de La Gomera,38036,2012,2012,Rehabilitación,REHABILITACION,Viviendas,VIVIENDAS,0,,,,
San Sebastián de La Gomera,38036,2013,2013,Rehabilitación,REHABILITACION,Viviendas,VIVIENDAS,0,,,,
San Sebastián de La Gomera,38036,2014,2014,Rehabilitación,REHABILITACION,Viviendas,VIVIENDAS,0,,,,
San Sebastián de La Gomera,38036,2015,2015,Rehabilitación,REHABILITACION,Viviendas,VIVIENDAS,0,,,,
San Sebastián de La Gomera,38036,2016,2016,Rehabilitación,REHABILITACION,Viviendas,VIVIENDAS,0,,,,
San Sebastián de La Gomera,38036,2017,2017,Rehabilitación,REHABILITACION,Viviendas,VIVIENDAS,5,,,,
San Sebastián de La Gomera,38036,2018,2018,Rehabilitación,REHABILITACION,Viviendas,VIVIENDAS,1,,,,
San Sebastián de La Gomera,38036,2019,2019,Rehabilitación,REHABILITACION,Viviendas,VIVIENDAS,0,,,,
San Sebastián de La Gomera,38036,2012,2012,Saldo de viviendas,SALDO_VIVIENDAS,Viviendas,VIVIENDAS,1,,,,
San Sebastián de La Gomera,38036,2013,2013,Saldo de viviendas,SALDO_VIVIENDAS,Viviendas,VIVIENDAS,0,,,,
San Sebastián de La Gomera,38036,2014,2014,Saldo de viviendas,SALDO_VIVIENDAS,Viviendas,VIVIENDAS,0,,,,
San Sebastián de La Gomera,38036,2015,2015,Saldo de viviendas,SALDO_VIVIENDAS,Viviendas,VIVIENDAS,2,,,,
San Sebastián de La Gomera,38036,2016,2016,Saldo de viviendas,SALDO_VIVIENDAS,Viviendas,VIVIENDAS,1,,,,
San Sebastián de La Gomera,38036,2017,2017,Saldo de viviendas,SALDO_VIVIENDAS,Viviendas,VIVIENDAS,5,,,,
San Sebastián de La Gomera,38036,2018,2018,Saldo de viviendas,SALDO_VIVIENDAS,Viviendas,VIVIENDAS,14,,,,
San Sebastián de La Gomera,38036,2019,2019,Saldo de viviendas,SALDO_VIVIENDAS,Viviendas,VIVIENDAS,1,,,,
San Sebastián de La Gomera,38036,2012,2012,Obra nueva,OBRA_NUEVA,Viviendas,VIVIENDAS,1,,,,
San Sebastián de La Gomera,38036,2013,2013,Obra nueva,OBRA_NUEVA,Viviendas,VIVIENDAS,0,,,,
San Sebastián de La Gomera,38036,2014,2014,Obra nueva,OBRA_NUEVA,Viviendas,VIVIENDAS,0,,,,
San Sebastián de La Gomera,38036,2015,2015,Obra nueva,OBRA_NUEVA,Viviendas,VIVIENDAS,2,,,,
San Sebastián de La Gomera,38036,2016,2016,Obra nueva,OBRA_NUEVA,Viviendas,VIVIENDAS,1,,,,
San Sebastián de La Gomera,38036,2017,2017,Obra nueva,OBRA_NUEVA,Viviendas,VIVIENDAS,1,,,,
San Sebastián de La Gomera,38036,2018,2018,Obra nueva,OBRA_NUEVA,Viviendas,VIVIENDAS,13,,,,
San Sebastián de La Gomera,38036,2019,2019,Obra nueva,OBRA_NUEVA,Viviendas,VIVIENDAS,2,,,,
Valle Gran Rey,38049,2012,2012,Demolición,DEMOLICION,Viviendas,VIVIENDAS,0,,,,
Valle Gran Rey,38049,2013,2013,Demolición,DEMOLICION,Viviendas,VIVIENDAS,0,,,,
Valle Gran Rey,38049,2014,2014,Demolición,DEMOLICION,Viviendas,VIVIENDAS,0,,,,
Valle Gran Rey,38049,2015,2015,Demolición,DEMOLICION,Viviendas,VIVIENDAS,0,,,,
Valle Gran Rey,38049,2016,2016,Demolición,DEMOLICION,Viviendas,VIVIENDAS,0,,,,
Valle Gran Rey,38049,2017,2017,Demolición,DEMOLICION,Viviendas,VIVIENDAS,0,,,,
Valle Gran Rey,38049,2018,2018,Demolición,DEMOLICION,Viviendas,VIVIENDAS,0,,,,
Valle Gran Rey,38049,2019,2019,Demolición,DEMOLICION,Viviendas,VIVIENDAS,0,,,,
Valle Gran Rey,38049,2012,2012,Rehabilitación,REHABILITACION,Viviendas,VIVIENDAS,0,,,,
Valle Gran Rey,38049,2013,2013,Rehabilitación,REHABILITACION,Viviendas,VIVIENDAS,1,,,,
Valle Gran Rey,38049,2014,2014,Rehabilitación,REHABILITACION,Viviendas,VIVIENDAS,0,,,,
Valle Gran Rey,38049,2015,2015,Rehabilitación,REHABILITACION,Viviendas,VIVIENDAS,0,,,,
Valle Gran Rey,38049,2016,2016,Rehabilitación,REHABILITACION,Viviendas,VIVIENDAS,0,,,,
Valle Gran Rey,38049,2017,2017,Rehabilitación,REHABILITACION,Viviendas,VIVIENDAS,0,,,,
Valle Gran Rey,38049,2018,2018,Rehabilitación,REHABILITACION,Viviendas,VIVIENDAS,2,,,,
Valle Gran Rey,38049,2019,2019,Rehabilitación,REHABILITACION,Viviendas,VIVIENDAS,0,,,,
Valle Gran Rey,38049,2012,2012,Saldo de viviendas,SALDO_VIVIENDAS,Viviendas,VIVIENDAS,0,,,,
Valle Gran Rey,38049,2013,2013,Saldo de viviendas,SALDO_VIVIENDAS,Viviendas,VIVIENDAS,1,,,,
Valle Gran Rey,38049,2014,2014,Saldo de viviendas,SALDO_VIVIENDAS,Viviendas,VIVIENDAS,1,,,,
Valle Gran Rey,38049,2015,2015,Saldo de viviendas,SALDO_VIVIENDAS,Viviendas,VIVIENDAS,0,,,,
Valle Gran Rey,38049,2016,2016,Saldo de viviendas,SALDO_VIVIENDAS,Viviendas,VIVIENDAS,2,,,,
Valle Gran Rey,38049,2017,2017,Saldo de viviendas,SALDO_VIVIENDAS,Viviendas,VIVIENDAS,0,,,,
Valle Gran Rey,38049,2018,2018,Saldo de viviendas,SALDO_VIVIENDAS,Viviendas,VIVIENDAS,6,,,,
Valle Gran Rey,38049,2019,2019,Saldo de viviendas,SALDO_VIVIENDAS,Viviendas,VIVIENDAS,0,,,,
Valle Gran Rey,38049,2012,2012,Obra nueva,OBRA_NUEVA,Viviendas,VIVIENDAS,0,,,,
Valle Gran Rey,38049,2013,2013,Obra nueva,OBRA_NUEVA,Viviendas,VIVIENDAS,0,,,,
Valle Gran Rey,38049,2014,2014,Obra nueva,OBRA_NUEVA,Viviendas,VIVIENDAS,1,,,,
Valle Gran Rey,38049,2015,2015,Obra nueva,OBRA_NUEVA,Viviendas,VIVIENDAS,0,,,,
Valle Gran Rey,38049,2016,2016,Obra nueva,OBRA_NUEVA,Viviendas,VIVIENDAS,2,,,,
Valle Gran Rey,38049,2017,2017,Obra nueva,OBRA_NUEVA,Viviendas,VIVIENDAS,0,,,,
Valle Gran Rey,38049,2018,2018,Obra nueva,OBRA_NUEVA,Viviendas,VIVIENDAS,4,,,,
Valle Gran Rey,38049,2019,2019,Obra nueva,OBRA_NUEVA,Viviendas,VIVIENDAS,0,,,,
Vallehermoso,38050,2012,2012,Demolición,DEMOLICION,Viviendas,VIVIENDAS,0,,,,
Vallehermoso,38050,2013,2013,Demolición,DEMOLICION,Viviendas,VIVIENDAS,0,,,,
Vallehermoso,38050,2014,2014,Demolición,DEMOLICION,Viviendas,VIVIENDAS,0,,,,
Vallehermoso,38050,2015,2015,Demolición,DEMOLICION,Viviendas,VIVIENDAS,0,,,,
Vallehermoso,38050,2016,2016,Demolición,DEMOLICION,Viviendas,VIVIENDAS,0,,,,
Vallehermoso,38050,2017,2017,Demolición,DEMOLICION,Viviendas,VIVIENDAS,0,,,,
Vallehermoso,38050,2018,2018,Demolición,DEMOLICION,Viviendas,VIVIENDAS,0,,,,
Vallehermoso,38050,2019,2019,Demolición,DEMOLICION,Viviendas,VIVIENDAS,0,,,,
Vallehermoso,38050,2012,2012,Rehabilitación,REHABILITACION,Viviendas,VIVIENDAS,3,,,,
Vallehermoso,38050,2013,2013,Rehabilitación,REHABILITACION,Viviendas,VIVIENDAS,2,,,,
Vallehermoso,38050,2014,2014,Rehabilitación,REHABILITACION,Viviendas,VIVIENDAS,4,,,,
Vallehermoso,38050,2015,2015,Rehabilitación,REHABILITACION,Viviendas,VIVIENDAS,0,,,,
Vallehermoso,38050,2016,2016,Rehabilitación,REHABILITACION,Viviendas,VIVIENDAS,0,,,,
Vallehermoso,38050,2017,2017,Rehabilitación,REHABILITACION,Viviendas,VIVIENDAS,4,,,,
Vallehermoso,38050,2018,2018,Rehabilitación,REHABILITACION,Viviendas,VIVIENDAS,0,,,,
Vallehermoso,38050,2019,2019,Rehabilitación,REHABILITACION,Viviendas,VIVIENDAS,3,,,,
Vallehermoso,38050,2012,2012,Saldo de viviendas,SALDO_VIVIENDAS,Viviendas,VIVIENDAS,6,,,,
Vallehermoso,38050,2013,2013,Saldo de viviendas,SALDO_VIVIENDAS,Viviendas,VIVIENDAS,7,,,,
Vallehermoso,38050,2014,2014,Saldo de viviendas,SALDO_VIVIENDAS,Viviendas,VIVIENDAS,4,,,,
Vallehermoso,38050,2015,2015,Saldo de viviendas,SALDO_VIVIENDAS,Viviendas,VIVIENDAS,1,,,,
Vallehermoso,38050,2016,2016,Saldo de viviendas,SALDO_VIVIENDAS,Viviendas,VIVIENDAS,0,,,,
Vallehermoso,38050,2017,2017,Saldo de viviendas,SALDO_VIVIENDAS,Viviendas,VIVIENDAS,6,,,,
Vallehermoso,38050,2018,2018,Saldo de viviendas,SALDO_VIVIENDAS,Viviendas,VIVIENDAS,1,,,,
Vallehermoso,38050,2019,2019,Saldo de viviendas,SALDO_VIVIENDAS,Viviendas,VIVIENDAS,3,,,,
Vallehermoso,38050,2012,2012,Obra nueva,OBRA_NUEVA,Viviendas,VIVIENDAS,3,,,,
Vallehermoso,38050,2013,2013,Obra nueva,OBRA_NUEVA,Viviendas,VIVIENDAS,5,,,,
Vallehermoso,38050,2014,2014,Obra nueva,OBRA_NUEVA,Viviendas,VIVIENDAS,0,,,,
Vallehermoso,38050,2015,2015,Obra nueva,OBRA_NUEVA,Viviendas,VIVIENDAS,1,,,,
Vallehermoso,38050,2016,2016,Obra nueva,OBRA_NUEVA,Viviendas,VIVIENDAS,0,,,,
Vallehermoso,38050,2017,2017,Obra nueva,OBRA_NUEVA,Viviendas,VIVIENDAS,2,,,,
Vallehermoso,38050,2018,2018,Obra nueva,OBRA_NUEVA,Viviendas,VIVIENDAS,1,,,,
Vallehermoso,38050,2019,2019,Obra nueva,OBRA_NUEVA,Viviendas,VIVIENDAS,0,,,,
Barlovento,38007,2012,2012,Demolición,DEMOLICION,Viviendas,VIVIENDAS,0,,,,
Barlovento,38007,2013,2013,Demolición,DEMOLICION,Viviendas,VIVIENDAS,0,,,,
Barlovento,38007,2014,2014,Demolición,DEMOLICION,Viviendas,VIVIENDAS,0,,,,
Barlovento,38007,2015,2015,Demolición,DEMOLICION,Viviendas,VIVIENDAS,0,,,,
Barlovento,38007,2016,2016,Demolición,DEMOLICION,Viviendas,VIVIENDAS,0,,,,
Barlovento,38007,2017,2017,Demolición,DEMOLICION,Viviendas,VIVIENDAS,0,,,,
Barlovento,38007,2018,2018,Demolición,DEMOLICION,Viviendas,VIVIENDAS,0,,,,
Barlovento,38007,2019,2019,Demolición,DEMOLICION,Viviendas,VIVIENDAS,0,,,,
Barlovento,38007,2012,2012,Rehabilitación,REHABILITACION,Viviendas,VIVIENDAS,0,,,,
Barlovento,38007,2013,2013,Rehabilitación,REHABILITACION,Viviendas,VIVIENDAS,0,,,,
Barlovento,38007,2014,2014,Rehabilitación,REHABILITACION,Viviendas,VIVIENDAS,0,,,,
Barlovento,38007,2015,2015,Rehabilitación,REHABILITACION,Viviendas,VIVIENDAS,0,,,,
Barlovento,38007,2016,2016,Rehabilitación,REHABILITACION,Viviendas,VIVIENDAS,0,,,,
Barlovento,38007,2017,2017,Rehabilitación,REHABILITACION,Viviendas,VIVIENDAS,0,,,,
Barlovento,38007,2018,2018,Rehabilitación,REHABILITACION,Viviendas,VIVIENDAS,0,,,,
Barlovento,38007,2019,2019,Rehabilitación,REHABILITACION,Viviendas,VIVIENDAS,0,,,,
Barlovento,38007,2012,2012,Saldo de viviendas,SALDO_VIVIENDAS,Viviendas,VIVIENDAS,1,,,,
Barlovento,38007,2013,2013,Saldo de viviendas,SALDO_VIVIENDAS,Viviendas,VIVIENDAS,1,,,,
Barlovento,38007,2014,2014,Saldo de viviendas,SALDO_VIVIENDAS,Viviendas,VIVIENDAS,0,,,,
Barlovento,38007,2015,2015,Saldo de viviendas,SALDO_VIVIENDAS,Viviendas,VIVIENDAS,0,,,,
Barlovento,38007,2016,2016,Saldo de viviendas,SALDO_VIVIENDAS,Viviendas,VIVIENDAS,0,,,,
Barlovento,38007,2017,2017,Saldo de viviendas,SALDO_VIVIENDAS,Viviendas,VIVIENDAS,0,,,,
Barlovento,38007,2018,2018,Saldo de viviendas,SALDO_VIVIENDAS,Viviendas,VIVIENDAS,0,,,,
Barlovento,38007,2019,2019,Saldo de viviendas,SALDO_VIVIENDAS,Viviendas,VIVIENDAS,1,,,,
Barlovento,38007,2012,2012,Obra nueva,OBRA_NUEVA,Viviendas,VIVIENDAS,1,,,,
Barlovento,38007,2013,2013,Obra nueva,OBRA_NUEVA,Viviendas,VIVIENDAS,1,,,,
Barlovento,38007,2014,2014,Obra nueva,OBRA_NUEVA,Viviendas,VIVIENDAS,0,,,,
Barlovento,38007,2015,2015,Obra nueva,OBRA_NUEVA,Viviendas,VIVIENDAS,0,,,,
Barlovento,38007,2016,2016,Obra nueva,OBRA_NUEVA,Viviendas,VIVIENDAS,0,,,,
Barlovento,38007,2017,2017,Obra nueva,OBRA_NUEVA,Viviendas,VIVIENDAS,0,,,,
Barlovento,38007,2018,2018,Obra nueva,OBRA_NUEVA,Viviendas,VIVIENDAS,0,,,,
Barlovento,38007,2019,2019,Obra nueva,OBRA_NUEVA,Viviendas,VIVIENDAS,1,,,,
Breña Alta,38008,2012,2012,Demolición,DEMOLICION,Viviendas,VIVIENDAS,0,,,,
Breña Alta,38008,2013,2013,Demolición,DEMOLICION,Viviendas,VIVIENDAS,0,,,,
Breña Alta,38008,2014,2014,Demolición,DEMOLICION,Viviendas,VIVIENDAS,0,,,,
Breña Alta,38008,2015,2015,Demolición,DEMOLICION,Viviendas,VIVIENDAS,0,,,,
Breña Alta,38008,2016,2016,Demolición,DEMOLICION,Viviendas,VIVIENDAS,0,,,,
Breña Alta,38008,2017,2017,Demolición,DEMOLICION,Viviendas,VIVIENDAS,0,,,,
Breña Alta,38008,2018,2018,Demolición,DEMOLICION,Viviendas,VIVIENDAS,0,,,,
Breña Alta,38008,2019,2019,Demolición,DEMOLICION,Viviendas,VIVIENDAS,0,,,,
Breña Alta,38008,2012,2012,Rehabilitación,REHABILITACION,Viviendas,VIVIENDAS,4,,,,
Breña Alta,38008,2013,2013,Rehabilitación,REHABILITACION,Viviendas,VIVIENDAS,2,,,,
Breña Alta,38008,2014,2014,Rehabilitación,REHABILITACION,Viviendas,VIVIENDAS,3,,,,
Breña Alta,38008,2015,2015,Rehabilitación,REHABILITACION,Viviendas,VIVIENDAS,1,,,,
Breña Alta,38008,2016,2016,Rehabilitación,REHABILITACION,Viviendas,VIVIENDAS,1,,,,
Breña Alta,38008,2017,2017,Rehabilitación,REHABILITACION,Viviendas,VIVIENDAS,5,,,,
Breña Alta,38008,2018,2018,Rehabilitación,REHABILITACION,Viviendas,VIVIENDAS,2,,,,
Breña Alta,38008,2019,2019,Rehabilitación,REHABILITACION,Viviendas,VIVIENDAS,0,,,,
Breña Alta,38008,2012,2012,Saldo de viviendas,SALDO_VIVIENDAS,Viviendas,VIVIENDAS,15,,,,
Breña Alta,38008,2013,2013,Saldo de viviendas,SALDO_VIVIENDAS,Viviendas,VIVIENDAS,6,,,,
Breña Alta,38008,2014,2014,Saldo de viviendas,SALDO_VIVIENDAS,Viviendas,VIVIENDAS,6,,,,
Breña Alta,38008,2015,2015,Saldo de viviendas,SALDO_VIVIENDAS,Viviendas,VIVIENDAS,5,,,,
Breña Alta,38008,2016,2016,Saldo de viviendas,SALDO_VIVIENDAS,Viviendas,VIVIENDAS,2,,,,
Breña Alta,38008,2017,2017,Saldo de viviendas,SALDO_VIVIENDAS,Viviendas,VIVIENDAS,10,,,,
Breña Alta,38008,2018,2018,Saldo de viviendas,SALDO_VIVIENDAS,Viviendas,VIVIENDAS,5,,,,
Breña Alta,38008,2019,2019,Saldo de viviendas,SALDO_VIVIENDAS,Viviendas,VIVIENDAS,5,,,,
Breña Alta,38008,2012,2012,Obra nueva,OBRA_NUEVA,Viviendas,VIVIENDAS,11,,,,
Breña Alta,38008,2013,2013,Obra nueva,OBRA_NUEVA,Viviendas,VIVIENDAS,4,,,,
Breña Alta,38008,2014,2014,Obra nueva,OBRA_NUEVA,Viviendas,VIVIENDAS,3,,,,
Breña Alta,38008,2015,2015,Obra nueva,OBRA_NUEVA,Viviendas,VIVIENDAS,4,,,,
Breña Alta,38008,2016,2016,Obra nueva,OBRA_NUEVA,Viviendas,VIVIENDAS,1,,,,
Breña Alta,38008,2017,2017,Obra nueva,OBRA_NUEVA,Viviendas,VIVIENDAS,5,,,,
Breña Alta,38008,2018,2018,Obra nueva,OBRA_NUEVA,Viviendas,VIVIENDAS,3,,,,
Breña Alta,38008,2019,2019,Obra nueva,OBRA_NUEVA,Viviendas,VIVIENDAS,5,,,,
Breña Baja,38009,2012,2012,Demolición,DEMOLICION,Viviendas,VIVIENDAS,0,,,,
Breña Baja,38009,2013,2013,Demolición,DEMOLICION,Viviendas,VIVIENDAS,0,,,,
Breña Baja,38009,2014,2014,Demolición,DEMOLICION,Viviendas,VIVIENDAS,0,,,,
Breña Baja,38009,2015,2015,Demolición,DEMOLICION,Viviendas,VIVIENDAS,0,,,,
Breña Baja,38009,2016,2016,Demolición,DEMOLICION,Viviendas,VIVIENDAS,0,,,,
Breña Baja,38009,2017,2017,Demolición,DEMOLICION,Viviendas,VIVIENDAS,0,,,,
Breña Baja,38009,2018,2018,Demolición,DEMOLICION,Viviendas,VIVIENDAS,0,,,,
Breña Baja,38009,2019,2019,Demolición,DEMOLICION,Viviendas,VIVIENDAS,0,,,,
Breña Baja,38009,2012,2012,Rehabilitación,REHABILITACION,Viviendas,VIVIENDAS,2,,,,
Breña Baja,38009,2013,2013,Rehabilitación,REHABILITACION,Viviendas,VIVIENDAS,3,,,,
Breña Baja,38009,2014,2014,Rehabilitación,REHABILITACION,Viviendas,VIVIENDAS,1,,,,
Breña Baja,38009,2015,2015,Rehabilitación,REHABILITACION,Viviendas,VIVIENDAS,0,,,,
Breña Baja,38009,2016,2016,Rehabilitación,REHABILITACION,Viviendas,VIVIENDAS,1,,,,
Breña Baja,38009,2017,2017,Rehabilitación,REHABILITACION,Viviendas,VIVIENDAS,4,,,,
Breña Baja,38009,2018,2018,Rehabilitación,REHABILITACION,Viviendas,VIVIENDAS,1,,,,
Breña Baja,38009,2019,2019,Rehabilitación,REHABILITACION,Viviendas,VIVIENDAS,6,,,,
Breña Baja,38009,2012,2012,Saldo de viviendas,SALDO_VIVIENDAS,Viviendas,VIVIENDAS,3,,,,
Breña Baja,38009,2013,2013,Saldo de viviendas,SALDO_VIVIENDAS,Viviendas,VIVIENDAS,6,,,,
Breña Baja,38009,2014,2014,Saldo de viviendas,SALDO_VIVIENDAS,Viviendas,VIVIENDAS,3,,,,
Breña Baja,38009,2015,2015,Saldo de viviendas,SALDO_VIVIENDAS,Viviendas,VIVIENDAS,1,,,,
Breña Baja,38009,2016,2016,Saldo de viviendas,SALDO_VIVIENDAS,Viviendas,VIVIENDAS,5,,,,
Breña Baja,38009,2017,2017,Saldo de viviendas,SALDO_VIVIENDAS,Viviendas,VIVIENDAS,11,,,,
Breña Baja,38009,2018,2018,Saldo de viviendas,SALDO_VIVIENDAS,Viviendas,VIVIENDAS,5,,,,
Breña Baja,38009,2019,2019,Saldo de viviendas,SALDO_VIVIENDAS,Viviendas,VIVIENDAS,9,,,,
Breña Baja,38009,2012,2012,Obra nueva,OBRA_NUEVA,Viviendas,VIVIENDAS,1,,,,
Breña Baja,38009,2013,2013,Obra nueva,OBRA_NUEVA,Viviendas,VIVIENDAS,3,,,,
Breña Baja,38009,2014,2014,Obra nueva,OBRA_NUEVA,Viviendas,VIVIENDAS,2,,,,
Breña Baja,38009,2015,2015,Obra nueva,OBRA_NUEVA,Viviendas,VIVIENDAS,1,,,,
Breña Baja,38009,2016,2016,Obra nueva,OBRA_NUEVA,Viviendas,VIVIENDAS,4,,,,
Breña Baja,38009,2017,2017,Obra nueva,OBRA_NUEVA,Viviendas,VIVIENDAS,7,,,,
Breña Baja,38009,2018,2018,Obra nueva,OBRA_NUEVA,Viviendas,VIVIENDAS,4,,,,
Breña Baja,38009,2019,2019,Obra nueva,OBRA_NUEVA,Viviendas,VIVIENDAS,3,,,,
Fuencaliente de La Palma,38014,2012,2012,Demolición,DEMOLICION,Viviendas,VIVIENDAS,0,,,,
Fuencaliente de La Palma,38014,2013,2013,Demolición,DEMOLICION,Viviendas,VIVIENDAS,0,,,,
Fuencaliente de La Palma,38014,2014,2014,Demolición,DEMOLICION,Viviendas,VIVIENDAS,0,,,,
Fuencaliente de La Palma,38014,2015,2015,Demolición,DEMOLICION,Viviendas,VIVIENDAS,0,,,,
Fuencaliente de La Palma,38014,2016,2016,Demolición,DEMOLICION,Viviendas,VIVIENDAS,0,,,,
Fuencaliente de La Palma,38014,2017,2017,Demolición,DEMOLICION,Viviendas,VIVIENDAS,0,,,,
Fuencaliente de La Palma,38014,2018,2018,Demolición,DEMOLICION,Viviendas,VIVIENDAS,0,,,,
Fuencaliente de La Palma,38014,2019,2019,Demolición,DEMOLICION,Viviendas,VIVIENDAS,0,,,,
Fuencaliente de La Palma,38014,2012,2012,Rehabilitación,REHABILITACION,Viviendas,VIVIENDAS,1,,,,
Fuencaliente de La Palma,38014,2013,2013,Rehabilitación,REHABILITACION,Viviendas,VIVIENDAS,0,,,,
Fuencaliente de La Palma,38014,2014,2014,Rehabilitación,REHABILITACION,Viviendas,VIVIENDAS,0,,,,
Fuencaliente de La Palma,38014,2015,2015,Rehabilitación,REHABILITACION,Viviendas,VIVIENDAS,0,,,,
Fuencaliente de La Palma,38014,2016,2016,Rehabilitación,REHABILITACION,Viviendas,VIVIENDAS,0,,,,
Fuencaliente de La Palma,38014,2017,2017,Rehabilitación,REHABILITACION,Viviendas,VIVIENDAS,0,,,,
Fuencaliente de La Palma,38014,2018,2018,Rehabilitación,REHABILITACION,Viviendas,VIVIENDAS,0,,,,
Fuencaliente de La Palma,38014,2019,2019,Rehabilitación,REHABILITACION,Viviendas,VIVIENDAS,0,,,,
Fuencaliente de La Palma,38014,2012,2012,Saldo de viviendas,SALDO_VIVIENDAS,Viviendas,VIVIENDAS,2,,,,
Fuencaliente de La Palma,38014,2013,2013,Saldo de viviendas,SALDO_VIVIENDAS,Viviendas,VIVIENDAS,0,,,,
Fuencaliente de La Palma,38014,2014,2014,Saldo de viviendas,SALDO_VIVIENDAS,Viviendas,VIVIENDAS,1,,,,
Fuencaliente de La Palma,38014,2015,2015,Saldo de viviendas,SALDO_VIVIENDAS,Viviendas,VIVIENDAS,0,,,,
Fuencaliente de La Palma,38014,2016,2016,Saldo de viviendas,SALDO_VIVIENDAS,Viviendas,VIVIENDAS,1,,,,
Fuencaliente de La Palma,38014,2017,2017,Saldo de viviendas,SALDO_VIVIENDAS,Viviendas,VIVIENDAS,0,,,,
Fuencaliente de La Palma,38014,2018,2018,Saldo de viviendas,SALDO_VIVIENDAS,Viviendas,VIVIENDAS,0,,,,
Fuencaliente de La Palma,38014,2019,2019,Saldo de viviendas,SALDO_VIVIENDAS,Viviendas,VIVIENDAS,9,,,,
Fuencaliente de La Palma,38014,2012,2012,Obra nueva,OBRA_NUEVA,Viviendas,VIVIENDAS,1,,,,
Fuencaliente de La Palma,38014,2013,2013,Obra nueva,OBRA_NUEVA,Viviendas,VIVIENDAS,0,,,,
Fuencaliente de La Palma,38014,2014,2014,Obra nueva,OBRA_NUEVA,Viviendas,VIVIENDAS,1,,,,
Fuencaliente de La Palma,38014,2015,2015,Obra nueva,OBRA_NUEVA,Viviendas,VIVIENDAS,0,,,,
Fuencaliente de La Palma,38014,2016,2016,Obra nueva,OBRA_NUEVA,Viviendas,VIVIENDAS,1,,,,
Fuencaliente de La Palma,38014,2017,2017,Obra nueva,OBRA_NUEVA,Viviendas,VIVIENDAS,0,,,,
Fuencaliente de La Palma,38014,2018,2018,Obra nueva,OBRA_NUEVA,Viviendas,VIVIENDAS,0,,,,
Fuencaliente de La Palma,38014,2019,2019,Obra nueva,OBRA_NUEVA,Viviendas,VIVIENDAS,9,,,,
Garafía,38016,2012,2012,Demolición,DEMOLICION,Viviendas,VIVIENDAS,0,,,,
Garafía,38016,2013,2013,Demolición,DEMOLICION,Viviendas,VIVIENDAS,0,,,,
Garafía,38016,2014,2014,Demolición,DEMOLICION,Viviendas,VIVIENDAS,0,,,,
Garafía,38016,2015,2015,Demolición,DEMOLICION,Viviendas,VIVIENDAS,0,,,,
Garafía,38016,2016,2016,Demolición,DEMOLICION,Viviendas,VIVIENDAS,0,,,,
Garafía,38016,2017,2017,Demolición,DEMOLICION,Viviendas,VIVIENDAS,0,,,,
Garafía,38016,2018,2018,Demolición,DEMOLICION,Viviendas,VIVIENDAS,0,,,,
Garafía,38016,2019,2019,Demolición,DEMOLICION,Viviendas,VIVIENDAS,0,,,,
Garafía,38016,2012,2012,Rehabilitación,REHABILITACION,Viviendas,VIVIENDAS,1,,,,
Garafía,38016,2013,2013,Rehabilitación,REHABILITACION,Viviendas,VIVIENDAS,1,,,,
Garafía,38016,2014,2014,Rehabilitación,REHABILITACION,Viviendas,VIVIENDAS,0,,,,
Garafía,38016,2015,2015,Rehabilitación,REHABILITACION,Viviendas,VIVIENDAS,1,,,,
Garafía,38016,2016,2016,Rehabilitación,REHABILITACION,Viviendas,VIVIENDAS,5,,,,
Garafía,38016,2017,2017,Rehabilitación,REHABILITACION,Viviendas,VIVIENDAS,2,,,,
Garafía,38016,2018,2018,Rehabilitación,REHABILITACION,Viviendas,VIVIENDAS,4,,,,
Garafía,38016,2019,2019,Rehabilitación,REHABILITACION,Viviendas,VIVIENDAS,0,,,,
Garafía,38016,2012,2012,Saldo de viviendas,SALDO_VIVIENDAS,Viviendas,VIVIENDAS,1,,,,
Garafía,38016,2013,2013,Saldo de viviendas,SALDO_VIVIENDAS,Viviendas,VIVIENDAS,1,,,,
Garafía,38016,2014,2014,Saldo de viviendas,SALDO_VIVIENDAS,Viviendas,VIVIENDAS,0,,,,
Garafía,38016,2015,2015,Saldo de viviendas,SALDO_VIVIENDAS,Viviendas,VIVIENDAS,6,,,,
Garafía,38016,2016,2016,Saldo de viviendas,SALDO_VIVIENDAS,Viviendas,VIVIENDAS,6,,,,
Garafía,38016,2017,2017,Saldo de viviendas,SALDO_VIVIENDAS,Viviendas,VIVIENDAS,9,,,,
Garafía,38016,2018,2018,Saldo de viviendas,SALDO_VIVIENDAS,Viviendas,VIVIENDAS,5,,,,
Garafía,38016,2019,2019,Saldo de viviendas,SALDO_VIVIENDAS,Viviendas,VIVIENDAS,2,,,,
Garafía,38016,2012,2012,Obra nueva,OBRA_NUEVA,Viviendas,VIVIENDAS,0,,,,
Garafía,38016,2013,2013,Obra nueva,OBRA_NUEVA,Viviendas,VIVIENDAS,0,,,,
Garafía,38016,2014,2014,Obra nueva,OBRA_NUEVA,Viviendas,VIVIENDAS,0,,,,
Garafía,38016,2015,2015,Obra nueva,OBRA_NUEVA,Viviendas,VIVIENDAS,5,,,,
Garafía,38016,2016,2016,Obra nueva,OBRA_NUEVA,Viviendas,VIVIENDAS,1,,,,
Garafía,38016,2017,2017,Obra nueva,OBRA_NUEVA,Viviendas,VIVIENDAS,7,,,,
Garafía,38016,2018,2018,Obra nueva,OBRA_NUEVA,Viviendas,VIVIENDAS,1,,,,
Garafía,38016,2019,2019,Obra nueva,OBRA_NUEVA,Viviendas,VIVIENDAS,2,,,,
Los Llanos de Aridane,38024,2012,2012,Demolición,DEMOLICION,Viviendas,VIVIENDAS,0,,,,
Los Llanos de Aridane,38024,2013,2013,Demolición,DEMOLICION,Viviendas,VIVIENDAS,2,,,,
Los Llanos de Aridane,38024,2014,2014,Demolición,DEMOLICION,Viviendas,VIVIENDAS,0,,,,
Los Llanos de Aridane,38024,2015,2015,Demolición,DEMOLICION,Viviendas,VIVIENDAS,1,,,,
Los Llanos de Aridane,38024,2016,2016,Demolición,DEMOLICION,Viviendas,VIVIENDAS,0,,,,
Los Llanos de Aridane,38024,2017,2017,Demolición,DEMOLICION,Viviendas,VIVIENDAS,1,,,,
Los Llanos de Aridane,38024,2018,2018,Demolición,DEMOLICION,Viviendas,VIVIENDAS,0,,,,
Los Llanos de Aridane,38024,2019,2019,Demolición,DEMOLICION,Viviendas,VIVIENDAS,2,,,,
Los Llanos de Aridane,38024,2012,2012,Rehabilitación,REHABILITACION,Viviendas,VIVIENDAS,8,,,,
Los Llanos de Aridane,38024,2013,2013,Rehabilitación,REHABILITACION,Viviendas,VIVIENDAS,6,,,,
Los Llanos de Aridane,38024,2014,2014,Rehabilitación,REHABILITACION,Viviendas,VIVIENDAS,1,,,,
Los Llanos de Aridane,38024,2015,2015,Rehabilitación,REHABILITACION,Viviendas,VIVIENDAS,3,,,,
Los Llanos de Aridane,38024,2016,2016,Rehabilitación,REHABILITACION,Viviendas,VIVIENDAS,2,,,,
Los Llanos de Aridane,38024,2017,2017,Rehabilitación,REHABILITACION,Viviendas,VIVIENDAS,5,,,,
Los Llanos de Aridane,38024,2018,2018,Rehabilitación,REHABILITACION,Viviendas,VIVIENDAS,3,,,,
Los Llanos de Aridane,38024,2019,2019,Rehabilitación,REHABILITACION,Viviendas,VIVIENDAS,1,,,,
Los Llanos de Aridane,38024,2012,2012,Saldo de viviendas,SALDO_VIVIENDAS,Viviendas,VIVIENDAS,39,,,,
Los Llanos de Aridane,38024,2013,2013,Saldo de viviendas,SALDO_VIVIENDAS,Viviendas,VIVIENDAS,24,,,,
Los Llanos de Aridane,38024,2014,2014,Saldo de viviendas,SALDO_VIVIENDAS,Viviendas,VIVIENDAS,12,,,,
Los Llanos de Aridane,38024,2015,2015,Saldo de viviendas,SALDO_VIVIENDAS,Viviendas,VIVIENDAS,36,,,,
Los Llanos de Aridane,38024,2016,2016,Saldo de viviendas,SALDO_VIVIENDAS,Viviendas,VIVIENDAS,3,,,,
Los Llanos de Aridane,38024,2017,2017,Saldo de viviendas,SALDO_VIVIENDAS,Viviendas,VIVIENDAS,8,,,,
Los Llanos de Aridane,38024,2018,2018,Saldo de viviendas,SALDO_VIVIENDAS,Viviendas,VIVIENDAS,3,,,,
Los Llanos de Aridane,38024,2019,2019,Saldo de viviendas,SALDO_VIVIENDAS,Viviendas,VIVIENDAS,14,,,,
Los Llanos de Aridane,38024,2012,2012,Obra nueva,OBRA_NUEVA,Viviendas,VIVIENDAS,31,,,,
Los Llanos de Aridane,38024,2013,2013,Obra nueva,OBRA_NUEVA,Viviendas,VIVIENDAS,20,,,,
Los Llanos de Aridane,38024,2014,2014,Obra nueva,OBRA_NUEVA,Viviendas,VIVIENDAS,11,,,,
Los Llanos de Aridane,38024,2015,2015,Obra nueva,OBRA_NUEVA,Viviendas,VIVIENDAS,34,,,,
Los Llanos de Aridane,38024,2016,2016,Obra nueva,OBRA_NUEVA,Viviendas,VIVIENDAS,1,,,,
Los Llanos de Aridane,38024,2017,2017,Obra nueva,OBRA_NUEVA,Viviendas,VIVIENDAS,4,,,,
Los Llanos de Aridane,38024,2018,2018,Obra nueva,OBRA_NUEVA,Viviendas,VIVIENDAS,0,,,,
Los Llanos de Aridane,38024,2019,2019,Obra nueva,OBRA_NUEVA,Viviendas,VIVIENDAS,15,,,,
El Paso,38027,2012,2012,Demolición,DEMOLICION,Viviendas,VIVIENDAS,0,,,,
El Paso,38027,2013,2013,Demolición,DEMOLICION,Viviendas,VIVIENDAS,0,,,,
El Paso,38027,2014,2014,Demolición,DEMOLICION,Viviendas,VIVIENDAS,0,,,,
El Paso,38027,2015,2015,Demolición,DEMOLICION,Viviendas,VIVIENDAS,0,,,,
El Paso,38027,2016,2016,Demolición,DEMOLICION,Viviendas,VIVIENDAS,0,,,,
El Paso,38027,2017,2017,Demolición,DEMOLICION,Viviendas,VIVIENDAS,0,,,,
El Paso,38027,2018,2018,Demolición,DEMOLICION,Viviendas,VIVIENDAS,0,,,,
El Paso,38027,2019,2019,Demolición,DEMOLICION,Viviendas,VIVIENDAS,0,,,,
El Paso,38027,2012,2012,Rehabilitación,REHABILITACION,Viviendas,VIVIENDAS,1,,,,
El Paso,38027,2013,2013,Rehabilitación,REHABILITACION,Viviendas,VIVIENDAS,0,,,,
El Paso,38027,2014,2014,Rehabilitación,REHABILITACION,Viviendas,VIVIENDAS,0,,,,
El Paso,38027,2015,2015,Rehabilitación,REHABILITACION,Viviendas,VIVIENDAS,0,,,,
El Paso,38027,2016,2016,Rehabilitación,REHABILITACION,Viviendas,VIVIENDAS,3,,,,
El Paso,38027,2017,2017,Rehabilitación,REHABILITACION,Viviendas,VIVIENDAS,0,,,,
El Paso,38027,2018,2018,Rehabilitación,REHABILITACION,Viviendas,VIVIENDAS,0,,,,
El Paso,38027,2019,2019,Rehabilitación,REHABILITACION,Viviendas,VIVIENDAS,2,,,,
El Paso,38027,2012,2012,Saldo de viviendas,SALDO_VIVIENDAS,Viviendas,VIVIENDAS,6,,,,
El Paso,38027,2013,2013,Saldo de viviendas,SALDO_VIVIENDAS,Viviendas,VIVIENDAS,6,,,,
El Paso,38027,2014,2014,Saldo de viviendas,SALDO_VIVIENDAS,Viviendas,VIVIENDAS,3,,,,
El Paso,38027,2015,2015,Saldo de viviendas,SALDO_VIVIENDAS,Viviendas,VIVIENDAS,2,,,,
El Paso,38027,2016,2016,Saldo de viviendas,SALDO_VIVIENDAS,Viviendas,VIVIENDAS,5,,,,
El Paso,38027,2017,2017,Saldo de viviendas,SALDO_VIVIENDAS,Viviendas,VIVIENDAS,11,,,,
El Paso,38027,2018,2018,Saldo de viviendas,SALDO_VIVIENDAS,Viviendas,VIVIENDAS,7,,,,
El Paso,38027,2019,2019,Saldo de viviendas,SALDO_VIVIENDAS,Viviendas,VIVIENDAS,5,,,,
El Paso,38027,2012,2012,Obra nueva,OBRA_NUEVA,Viviendas,VIVIENDAS,5,,,,
El Paso,38027,2013,2013,Obra nueva,OBRA_NUEVA,Viviendas,VIVIENDAS,6,,,,
El Paso,38027,2014,2014,Obra nueva,OBRA_NUEVA,Viviendas,VIVIENDAS,3,,,,
El Paso,38027,2015,2015,Obra nueva,OBRA_NUEVA,Viviendas,VIVIENDAS,2,,,,
El Paso,38027,2016,2016,Obra nueva,OBRA_NUEVA,Viviendas,VIVIENDAS,2,,,,
El Paso,38027,2017,2017,Obra nueva,OBRA_NUEVA,Viviendas,VIVIENDAS,11,,,,
El Paso,38027,2018,2018,Obra nueva,OBRA_NUEVA,Viviendas,VIVIENDAS,7,,,,
El Paso,38027,2019,2019,Obra nueva,OBRA_NUEVA,Viviendas,VIVIENDAS,3,,,,
Puntagorda,38029,2012,2012,Demolición,DEMOLICION,Viviendas,VIVIENDAS,0,,,,
Puntagorda,38029,2013,2013,Demolición,DEMOLICION,Viviendas,VIVIENDAS,2,,,,
Puntagorda,38029,2014,2014,Demolición,DEMOLICION,Viviendas,VIVIENDAS,0,,,,
Puntagorda,38029,2015,2015,Demolición,DEMOLICION,Viviendas,VIVIENDAS,0,,,,
Puntagorda,38029,2016,2016,Demolición,DEMOLICION,Viviendas,VIVIENDAS,0,,,,
Puntagorda,38029,2017,2017,Demolición,DEMOLICION,Viviendas,VIVIENDAS,0,,,,
Puntagorda,38029,2018,2018,Demolición,DEMOLICION,Viviendas,VIVIENDAS,0,,,,
Puntagorda,38029,2019,2019,Demolición,DEMOLICION,Viviendas,VIVIENDAS,1,,,,
Puntagorda,38029,2012,2012,Rehabilitación,REHABILITACION,Viviendas,VIVIENDAS,3,,,,
Puntagorda,38029,2013,2013,Rehabilitación,REHABILITACION,Viviendas,VIVIENDAS,1,,,,
Puntagorda,38029,2014,2014,Rehabilitación,REHABILITACION,Viviendas,VIVIENDAS,2,,,,
Puntagorda,38029,2015,2015,Rehabilitación,REHABILITACION,Viviendas,VIVIENDAS,2,,,,
Puntagorda,38029,2016,2016,Rehabilitación,REHABILITACION,Viviendas,VIVIENDAS,0,,,,
Puntagorda,38029,2017,2017,Rehabilitación,REHABILITACION,Viviendas,VIVIENDAS,1,,,,
Puntagorda,38029,2018,2018,Rehabilitación,REHABILITACION,Viviendas,VIVIENDAS,2,,,,
Puntagorda,38029,2019,2019,Rehabilitación,REHABILITACION,Viviendas,VIVIENDAS,1,,,,
Puntagorda,38029,2012,2012,Saldo de viviendas,SALDO_VIVIENDAS,Viviendas,VIVIENDAS,10,,,,
Puntagorda,38029,2013,2013,Saldo de viviendas,SALDO_VIVIENDAS,Viviendas,VIVIENDAS,6,,,,
Puntagorda,38029,2014,2014,Saldo de viviendas,SALDO_VIVIENDAS,Viviendas,VIVIENDAS,5,,,,
Puntagorda,38029,2015,2015,Saldo de viviendas,SALDO_VIVIENDAS,Viviendas,VIVIENDAS,6,,,,
Puntagorda,38029,2016,2016,Saldo de viviendas,SALDO_VIVIENDAS,Viviendas,VIVIENDAS,2,,,,
Puntagorda,38029,2017,2017,Saldo de viviendas,SALDO_VIVIENDAS,Viviendas,VIVIENDAS,9,,,,
Puntagorda,38029,2018,2018,Saldo de viviendas,SALDO_VIVIENDAS,Viviendas,VIVIENDAS,6,,,,
Puntagorda,38029,2019,2019,Saldo de viviendas,SALDO_VIVIENDAS,Viviendas,VIVIENDAS,4,,,,
Puntagorda,38029,2012,2012,Obra nueva,OBRA_NUEVA,Viviendas,VIVIENDAS,7,,,,
Puntagorda,38029,2013,2013,Obra nueva,OBRA_NUEVA,Viviendas,VIVIENDAS,7,,,,
Puntagorda,38029,2014,2014,Obra nueva,OBRA_NUEVA,Viviendas,VIVIENDAS,3,,,,
Puntagorda,38029,2015,2015,Obra nueva,OBRA_NUEVA,Viviendas,VIVIENDAS,4,,,,
Puntagorda,38029,2016,2016,Obra nueva,OBRA_NUEVA,Viviendas,VIVIENDAS,2,,,,
Puntagorda,38029,2017,2017,Obra nueva,OBRA_NUEVA,Viviendas,VIVIENDAS,8,,,,
Puntagorda,38029,2018,2018,Obra nueva,OBRA_NUEVA,Viviendas,VIVIENDAS,4,,,,
Puntagorda,38029,2019,2019,Obra nueva,OBRA_NUEVA,Viviendas,VIVIENDAS,4,,,,
Puntallana,38030,2012,2012,Demolición,DEMOLICION,Viviendas,VIVIENDAS,0,,,,
Puntallana,38030,2013,2013,Demolición,DEMOLICION,Viviendas,VIVIENDAS,0,,,,
Puntallana,38030,2014,2014,Demolición,DEMOLICION,Viviendas,VIVIENDAS,0,,,,
Puntallana,38030,2015,2015,Demolición,DEMOLICION,Viviendas,VIVIENDAS,0,,,,
Puntallana,38030,2016,2016,Demolición,DEMOLICION,Viviendas,VIVIENDAS,0,,,,
Puntallana,38030,2017,2017,Demolición,DEMOLICION,Viviendas,VIVIENDAS,0,,,,
Puntallana,38030,2018,2018,Demolición,DEMOLICION,Viviendas,VIVIENDAS,0,,,,
Puntallana,38030,2019,2019,Demolición,DEMOLICION,Viviendas,VIVIENDAS,0,,,,
Puntallana,38030,2012,2012,Rehabilitación,REHABILITACION,Viviendas,VIVIENDAS,0,,,,
Puntallana,38030,2013,2013,Rehabilitación,REHABILITACION,Viviendas,VIVIENDAS,1,,,,
Puntallana,38030,2014,2014,Rehabilitación,REHABILITACION,Viviendas,VIVIENDAS,0,,,,
Puntallana,38030,2015,2015,Rehabilitación,REHABILITACION,Viviendas,VIVIENDAS,2,,,,
Puntallana,38030,2016,2016,Rehabilitación,REHABILITACION,Viviendas,VIVIENDAS,0,,,,
Puntallana,38030,2017,2017,Rehabilitación,REHABILITACION,Viviendas,VIVIENDAS,0,,,,
Puntallana,38030,2018,2018,Rehabilitación,REHABILITACION,Viviendas,VIVIENDAS,1,,,,
Puntallana,38030,2019,2019,Rehabilitación,REHABILITACION,Viviendas,VIVIENDAS,0,,,,
Puntallana,38030,2012,2012,Saldo de viviendas,SALDO_VIVIENDAS,Viviendas,VIVIENDAS,0,,,,
Puntallana,38030,2013,2013,Saldo de viviendas,SALDO_VIVIENDAS,Viviendas,VIVIENDAS,1,,,,
Puntallana,38030,2014,2014,Saldo de viviendas,SALDO_VIVIENDAS,Viviendas,VIVIENDAS,0,,,,
Puntallana,38030,2015,2015,Saldo de viviendas,SALDO_VIVIENDAS,Viviendas,VIVIENDAS,3,,,,
Puntallana,38030,2016,2016,Saldo de viviendas,SALDO_VIVIENDAS,Viviendas,VIVIENDAS,3,,,,
Puntallana,38030,2017,2017,Saldo de viviendas,SALDO_VIVIENDAS,Viviendas,VIVIENDAS,0,,,,
Puntallana,38030,2018,2018,Saldo de viviendas,SALDO_VIVIENDAS,Viviendas,VIVIENDAS,1,,,,
Puntallana,38030,2019,2019,Saldo de viviendas,SALDO_VIVIENDAS,Viviendas,VIVIENDAS,1,,,,
Puntallana,38030,2012,2012,Obra nueva,OBRA_NUEVA,Viviendas,VIVIENDAS,0,,,,
Puntallana,38030,2013,2013,Obra nueva,OBRA_NUEVA,Viviendas,VIVIENDAS,0,,,,
Puntallana,38030,2014,2014,Obra nueva,OBRA_NUEVA,Viviendas,VIVIENDAS,0,,,,
Puntallana,38030,2015,2015,Obra nueva,OBRA_NUEVA,Viviendas,VIVIENDAS,1,,,,
Puntallana,38030,2016,2016,Obra nueva,OBRA_NUEVA,Viviendas,VIVIENDAS,3,,,,
Puntallana,38030,2017,2017,Obra nueva,OBRA_NUEVA,Viviendas,VIVIENDAS,0,,,,
Puntallana,38030,2018,2018,Obra nueva,OBRA_NUEVA,Viviendas,VIVIENDAS,0,,,,
Puntallana,38030,2019,2019,Obra nueva,OBRA_NUEVA,Viviendas,VIVIENDAS,1,,,,
San Andrés y Sauces,38033,2012,2012,Demolición,DEMOLICION,Viviendas,VIVIENDAS,0,,,,
San Andrés y Sauces,38033,2013,2013,Demolición,DEMOLICION,Viviendas,VIVIENDAS,0,,,,
San Andrés y Sauces,38033,2014,2014,Demolición,DEMOLICION,Viviendas,VIVIENDAS,0,,,,
San Andrés y Sauces,38033,2015,2015,Demolición,DEMOLICION,Viviendas,VIVIENDAS,0,,,,
San Andrés y Sauces,38033,2016,2016,Demolición,DEMOLICION,Viviendas,VIVIENDAS,0,,,,
San Andrés y Sauces,38033,2017,2017,Demolición,DEMOLICION,Viviendas,VIVIENDAS,1,,,,
San Andrés y Sauces,38033,2018,2018,Demolición,DEMOLICION,Viviendas,VIVIENDAS,0,,,,
San Andrés y Sauces,38033,2019,2019,Demolición,DEMOLICION,Viviendas,VIVIENDAS,0,,,,
San Andrés y Sauces,38033,2012,2012,Rehabilitación,REHABILITACION,Viviendas,VIVIENDAS,4,,,,
San Andrés y Sauces,38033,2013,2013,Rehabilitación,REHABILITACION,Viviendas,VIVIENDAS,0,,,,
San Andrés y Sauces,38033,2014,2014,Rehabilitación,REHABILITACION,Viviendas,VIVIENDAS,1,,,,
San Andrés y Sauces,38033,2015,2015,Rehabilitación,REHABILITACION,Viviendas,VIVIENDAS,2,,,,
San Andrés y Sauces,38033,2016,2016,Rehabilitación,REHABILITACION,Viviendas,VIVIENDAS,0,,,,
San Andrés y Sauces,38033,2017,2017,Rehabilitación,REHABILITACION,Viviendas,VIVIENDAS,2,,,,
San Andrés y Sauces,38033,2018,2018,Rehabilitación,REHABILITACION,Viviendas,VIVIENDAS,0,,,,
San Andrés y Sauces,38033,2019,2019,Rehabilitación,REHABILITACION,Viviendas,VIVIENDAS,0,,,,
San Andrés y Sauces,38033,2012,2012,Saldo de viviendas,SALDO_VIVIENDAS,Viviendas,VIVIENDAS,4,,,,
San Andrés y Sauces,38033,2013,2013,Saldo de viviendas,SALDO_VIVIENDAS,Viviendas,VIVIENDAS,0,,,,
San Andrés y Sauces,38033,2014,2014,Saldo de viviendas,SALDO_VIVIENDAS,Viviendas,VIVIENDAS,2,,,,
San Andrés y Sauces,38033,2015,2015,Saldo de viviendas,SALDO_VIVIENDAS,Viviendas,VIVIENDAS,2,,,,
San Andrés y Sauces,38033,2016,2016,Saldo de viviendas,SALDO_VIVIENDAS,Viviendas,VIVIENDAS,0,,,,
San Andrés y Sauces,38033,2017,2017,Saldo de viviendas,SALDO_VIVIENDAS,Viviendas,VIVIENDAS,1,,,,
San Andrés y Sauces,38033,2018,2018,Saldo de viviendas,SALDO_VIVIENDAS,Viviendas,VIVIENDAS,0,,,,
San Andrés y Sauces,38033,2019,2019,Saldo de viviendas,SALDO_VIVIENDAS,Viviendas,VIVIENDAS,0,,,,
San Andrés y Sauces,38033,2012,2012,Obra nueva,OBRA_NUEVA,Viviendas,VIVIENDAS,0,,,,
San Andrés y Sauces,38033,2013,2013,Obra nueva,OBRA_NUEVA,Viviendas,VIVIENDAS,0,,,,
San Andrés y Sauces,38033,2014,2014,Obra nueva,OBRA_NUEVA,Viviendas,VIVIENDAS,1,,,,
San Andrés y Sauces,38033,2015,2015,Obra nueva,OBRA_NUEVA,Viviendas,VIVIENDAS,0,,,,
San Andrés y Sauces,38033,2016,2016,Obra nueva,OBRA_NUEVA,Viviendas,VIVIENDAS,0,,,,
San Andrés y Sauces,38033,2017,2017,Obra nueva,OBRA_NUEVA,Viviendas,VIVIENDAS,0,,,,
San Andrés y Sauces,38033,2018,2018,Obra nueva,OBRA_NUEVA,Viviendas,VIVIENDAS,0,,,,
San Andrés y Sauces,38033,2019,2019,Obra nueva,OBRA_NUEVA,Viviendas,VIVIENDAS,0,,,,
Santa Cruz de La Palma,38037,2012,2012,Demolición,DEMOLICION,Viviendas,VIVIENDAS,1,,,,
Santa Cruz de La Palma,38037,2013,2013,Demolición,DEMOLICION,Viviendas,VIVIENDAS,2,,,,
Santa Cruz de La Palma,38037,2014,2014,Demolición,DEMOLICION,Viviendas,VIVIENDAS,0,,,,
Santa Cruz de La Palma,38037,2015,2015,Demolición,DEMOLICION,Viviendas,VIVIENDAS,1,,,,
Santa Cruz de La Palma,38037,2016,2016,Demolición,DEMOLICION,Viviendas,VIVIENDAS,1,,,,
Santa Cruz de La Palma,38037,2017,2017,Demolición,DEMOLICION,Viviendas,VIVIENDAS,1,,,,
Santa Cruz de La Palma,38037,2018,2018,Demolición,DEMOLICION,Viviendas,VIVIENDAS,3,,,,
Santa Cruz de La Palma,38037,2019,2019,Demolición,DEMOLICION,Viviendas,VIVIENDAS,0,,,,
Santa Cruz de La Palma,38037,2012,2012,Rehabilitación,REHABILITACION,Viviendas,VIVIENDAS,6,,,,
Santa Cruz de La Palma,38037,2013,2013,Rehabilitación,REHABILITACION,Viviendas,VIVIENDAS,2,,,,
Santa Cruz de La Palma,38037,2014,2014,Rehabilitación,REHABILITACION,Viviendas,VIVIENDAS,2,,,,
Santa Cruz de La Palma,38037,2015,2015,Rehabilitación,REHABILITACION,Viviendas,VIVIENDAS,0,,,,
Santa Cruz de La Palma,38037,2016,2016,Rehabilitación,REHABILITACION,Viviendas,VIVIENDAS,0,,,,
Santa Cruz de La Palma,38037,2017,2017,Rehabilitación,REHABILITACION,Viviendas,VIVIENDAS,6,,,,
Santa Cruz de La Palma,38037,2018,2018,Rehabilitación,REHABILITACION,Viviendas,VIVIENDAS,2,,,,
Santa Cruz de La Palma,38037,2019,2019,Rehabilitación,REHABILITACION,Viviendas,VIVIENDAS,11,,,,
Santa Cruz de La Palma,38037,2012,2012,Saldo de viviendas,SALDO_VIVIENDAS,Viviendas,VIVIENDAS,5,,,,
Santa Cruz de La Palma,38037,2013,2013,Saldo de viviendas,SALDO_VIVIENDAS,Viviendas,VIVIENDAS,0,,,,
Santa Cruz de La Palma,38037,2014,2014,Saldo de viviendas,SALDO_VIVIENDAS,Viviendas,VIVIENDAS,2,,,,
Santa Cruz de La Palma,38037,2015,2015,Saldo de viviendas,SALDO_VIVIENDAS,Viviendas,VIVIENDAS,-1,,,,
Santa Cruz de La Palma,38037,2016,2016,Saldo de viviendas,SALDO_VIVIENDAS,Viviendas,VIVIENDAS,0,,,,
Santa Cruz de La Palma,38037,2017,2017,Saldo de viviendas,SALDO_VIVIENDAS,Viviendas,VIVIENDAS,5,,,,
Santa Cruz de La Palma,38037,2018,2018,Saldo de viviendas,SALDO_VIVIENDAS,Viviendas,VIVIENDAS,0,,,,
Santa Cruz de La Palma,38037,2019,2019,Saldo de viviendas,SALDO_VIVIENDAS,Viviendas,VIVIENDAS,13,,,,
Santa Cruz de La Palma,38037,2012,2012,Obra nueva,OBRA_NUEVA,Viviendas,VIVIENDAS,0,,,,
Santa Cruz de La Palma,38037,2013,2013,Obra nueva,OBRA_NUEVA,Viviendas,VIVIENDAS,0,,,,
Santa Cruz de La Palma,38037,2014,2014,Obra nueva,OBRA_NUEVA,Viviendas,VIVIENDAS,0,,,,
Santa Cruz de La Palma,38037,2015,2015,Obra nueva,OBRA_NUEVA,Viviendas,VIVIENDAS,0,,,,
Santa Cruz de La Palma,38037,2016,2016,Obra nueva,OBRA_NUEVA,Viviendas,VIVIENDAS,1,,,,
Santa Cruz de La Palma,38037,2017,2017,Obra nueva,OBRA_NUEVA,Viviendas,VIVIENDAS,0,,,,
Santa Cruz de La Palma,38037,2018,2018,Obra nueva,OBRA_NUEVA,Viviendas,VIVIENDAS,1,,,,
Santa Cruz de La Palma,38037,2019,2019,Obra nueva,OBRA_NUEVA,Viviendas,VIVIENDAS,2,,,,
Tazacorte,38045,2012,2012,Demolición,DEMOLICION,Viviendas,VIVIENDAS,0,,,,
Tazacorte,38045,2013,2013,Demolición,DEMOLICION,Viviendas,VIVIENDAS,0,,,,
Tazacorte,38045,2014,2014,Demolición,DEMOLICION,Viviendas,VIVIENDAS,0,,,,
Tazacorte,38045,2015,2015,Demolición,DEMOLICION,Viviendas,VIVIENDAS,0,,,,
Tazacorte,38045,2016,2016,Demolición,DEMOLICION,Viviendas,VIVIENDAS,0,,,,
Tazacorte,38045,2017,2017,Demolición,DEMOLICION,Viviendas,VIVIENDAS,1,,,,
Tazacorte,38045,2018,2018,Demolición,DEMOLICION,Viviendas,VIVIENDAS,0,,,,
Tazacorte,38045,2019,2019,Demolición,DEMOLICION,Viviendas,VIVIENDAS,0,,,,
Tazacorte,38045,2012,2012,Rehabilitación,REHABILITACION,Viviendas,VIVIENDAS,0,,,,
Tazacorte,38045,2013,2013,Rehabilitación,REHABILITACION,Viviendas,VIVIENDAS,0,,,,
Tazacorte,38045,2014,2014,Rehabilitación,REHABILITACION,Viviendas,VIVIENDAS,0,,,,
Tazacorte,38045,2015,2015,Rehabilitación,REHABILITACION,Viviendas,VIVIENDAS,1,,,,
Tazacorte,38045,2016,2016,Rehabilitación,REHABILITACION,Viviendas,VIVIENDAS,2,,,,
Tazacorte,38045,2017,2017,Rehabilitación,REHABILITACION,Viviendas,VIVIENDAS,3,,,,
Tazacorte,38045,2018,2018,Rehabilitación,REHABILITACION,Viviendas,VIVIENDAS,0,,,,
Tazacorte,38045,2019,2019,Rehabilitación,REHABILITACION,Viviendas,VIVIENDAS,0,,,,
Tazacorte,38045,2012,2012,Saldo de viviendas,SALDO_VIVIENDAS,Viviendas,VIVIENDAS,0,,,,
Tazacorte,38045,2013,2013,Saldo de viviendas,SALDO_VIVIENDAS,Viviendas,VIVIENDAS,3,,,,
Tazacorte,38045,2014,2014,Saldo de viviendas,SALDO_VIVIENDAS,Viviendas,VIVIENDAS,0,,,,
Tazacorte,38045,2015,2015,Saldo de viviendas,SALDO_VIVIENDAS,Viviendas,VIVIENDAS,4,,,,
Tazacorte,38045,2016,2016,Saldo de viviendas,SALDO_VIVIENDAS,Viviendas,VIVIENDAS,3,,,,
Tazacorte,38045,2017,2017,Saldo de viviendas,SALDO_VIVIENDAS,Viviendas,VIVIENDAS,4,,,,
Tazacorte,38045,2018,2018,Saldo de viviendas,SALDO_VIVIENDAS,Viviendas,VIVIENDAS,3,,,,
Tazacorte,38045,2019,2019,Saldo de viviendas,SALDO_VIVIENDAS,Viviendas,VIVIENDAS,4,,,,
Tazacorte,38045,2012,2012,Obra nueva,OBRA_NUEVA,Viviendas,VIVIENDAS,0,,,,
Tazacorte,38045,2013,2013,Obra nueva,OBRA_NUEVA,Viviendas,VIVIENDAS,3,,,,
Tazacorte,38045,2014,2014,Obra nueva,OBRA_NUEVA,Viviendas,VIVIENDAS,0,,,,
Tazacorte,38045,2015,2015,Obra nueva,OBRA_NUEVA,Viviendas,VIVIENDAS,3,,,,
Tazacorte,38045,2016,2016,Obra nueva,OBRA_NUEVA,Viviendas,VIVIENDAS,1,,,,
Tazacorte,38045,2017,2017,Obra nueva,OBRA_NUEVA,Viviendas,VIVIENDAS,2,,,,
Tazacorte,38045,2018,2018,Obra nueva,OBRA_NUEVA,Viviendas,VIVIENDAS,3,,,,
Tazacorte,38045,2019,2019,Obra nueva,OBRA_NUEVA,Viviendas,VIVIENDAS,4,,,,
Tijarafe,38047,2012,2012,Demolición,DEMOLICION,Viviendas,VIVIENDAS,0,,,,
Tijarafe,38047,2013,2013,Demolición,DEMOLICION,Viviendas,VIVIENDAS,0,,,,
Tijarafe,38047,2014,2014,Demolición,DEMOLICION,Viviendas,VIVIENDAS,0,,,,
Tijarafe,38047,2015,2015,Demolición,DEMOLICION,Viviendas,VIVIENDAS,0,,,,
Tijarafe,38047,2016,2016,Demolición,DEMOLICION,Viviendas,VIVIENDAS,0,,,,
Tijarafe,38047,2017,2017,Demolición,DEMOLICION,Viviendas,VIVIENDAS,0,,,,
Tijarafe,38047,2018,2018,Demolición,DEMOLICION,Viviendas,VIVIENDAS,1,,,,
Tijarafe,38047,2019,2019,Demolición,DEMOLICION,Viviendas,VIVIENDAS,0,,,,
Tijarafe,38047,2012,2012,Rehabilitación,REHABILITACION,Viviendas,VIVIENDAS,1,,,,
Tijarafe,38047,2013,2013,Rehabilitación,REHABILITACION,Viviendas,VIVIENDAS,0,,,,
Tijarafe,38047,2014,2014,Rehabilitación,REHABILITACION,Viviendas,VIVIENDAS,1,,,,
Tijarafe,38047,2015,2015,Rehabilitación,REHABILITACION,Viviendas,VIVIENDAS,2,,,,
Tijarafe,38047,2016,2016,Rehabilitación,REHABILITACION,Viviendas,VIVIENDAS,1,,,,
Tijarafe,38047,2017,2017,Rehabilitación,REHABILITACION,Viviendas,VIVIENDAS,5,,,,
Tijarafe,38047,2018,2018,Rehabilitación,REHABILITACION,Viviendas,VIVIENDAS,0,,,,
Tijarafe,38047,2019,2019,Rehabilitación,REHABILITACION,Viviendas,VIVIENDAS,1,,,,
Tijarafe,38047,2012,2012,Saldo de viviendas,SALDO_VIVIENDAS,Viviendas,VIVIENDAS,1,,,,
Tijarafe,38047,2013,2013,Saldo de viviendas,SALDO_VIVIENDAS,Viviendas,VIVIENDAS,5,,,,
Tijarafe,38047,2014,2014,Saldo de viviendas,SALDO_VIVIENDAS,Viviendas,VIVIENDAS,6,,,,
Tijarafe,38047,2015,2015,Saldo de viviendas,SALDO_VIVIENDAS,Viviendas,VIVIENDAS,9,,,,
Tijarafe,38047,2016,2016,Saldo de viviendas,SALDO_VIVIENDAS,Viviendas,VIVIENDAS,6,,,,
Tijarafe,38047,2017,2017,Saldo de viviendas,SALDO_VIVIENDAS,Viviendas,VIVIENDAS,15,,,,
Tijarafe,38047,2018,2018,Saldo de viviendas,SALDO_VIVIENDAS,Viviendas,VIVIENDAS,6,,,,
Tijarafe,38047,2019,2019,Saldo de viviendas,SALDO_VIVIENDAS,Viviendas,VIVIENDAS,5,,,,
Tijarafe,38047,2012,2012,Obra nueva,OBRA_NUEVA,Viviendas,VIVIENDAS,0,,,,
Tijarafe,38047,2013,2013,Obra nueva,OBRA_NUEVA,Viviendas,VIVIENDAS,5,,,,
Tijarafe,38047,2014,2014,Obra nueva,OBRA_NUEVA,Viviendas,VIVIENDAS,5,,,,
Tijarafe,38047,2015,2015,Obra nueva,OBRA_NUEVA,Viviendas,VIVIENDAS,7,,,,
Tijarafe,38047,2016,2016,Obra nueva,OBRA_NUEVA,Viviendas,VIVIENDAS,5,,,,
Tijarafe,38047,2017,2017,Obra nueva,OBRA_NUEVA,Viviendas,VIVIENDAS,10,,,,
Tijarafe,38047,2018,2018,Obra nueva,OBRA_NUEVA,Viviendas,VIVIENDAS,7,,,,
Tijarafe,38047,2019,2019,Obra nueva,OBRA_NUEVA,Viviendas,VIVIENDAS,4,,,,
Villa de Mazo,38053,2012,2012,Demolición,DEMOLICION,Viviendas,VIVIENDAS,0,,,,
Villa de Mazo,38053,2013,2013,Demolición,DEMOLICION,Viviendas,VIVIENDAS,0,,,,
Villa de Mazo,38053,2014,2014,Demolición,DEMOLICION,Viviendas,VIVIENDAS,0,,,,
Villa de Mazo,38053,2015,2015,Demolición,DEMOLICION,Viviendas,VIVIENDAS,0,,,,
Villa de Mazo,38053,2016,2016,Demolición,DEMOLICION,Viviendas,VIVIENDAS,0,,,,
Villa de Mazo,38053,2017,2017,Demolición,DEMOLICION,Viviendas,VIVIENDAS,0,,,,
Villa de Mazo,38053,2018,2018,Demolición,DEMOLICION,Viviendas,VIVIENDAS,0,,,,
Villa de Mazo,38053,2019,2019,Demolición,DEMOLICION,Viviendas,VIVIENDAS,0,,,,
Villa de Mazo,38053,2012,2012,Rehabilitación,REHABILITACION,Viviendas,VIVIENDAS,3,,,,
Villa de Mazo,38053,2013,2013,Rehabilitación,REHABILITACION,Viviendas,VIVIENDAS,2,,,,
Villa de Mazo,38053,2014,2014,Rehabilitación,REHABILITACION,Viviendas,VIVIENDAS,1,,,,
Villa de Mazo,38053,2015,2015,Rehabilitación,REHABILITACION,Viviendas,VIVIENDAS,0,,,,
Villa de Mazo,38053,2016,2016,Rehabilitación,REHABILITACION,Viviendas,VIVIENDAS,0,,,,
Villa de Mazo,38053,2017,2017,Rehabilitación,REHABILITACION,Viviendas,VIVIENDAS,0,,,,
Villa de Mazo,38053,2018,2018,Rehabilitación,REHABILITACION,Viviendas,VIVIENDAS,0,,,,
Villa de Mazo,38053,2019,2019,Rehabilitación,REHABILITACION,Viviendas,VIVIENDAS,0,,,,
Villa de Mazo,38053,2012,2012,Saldo de viviendas,SALDO_VIVIENDAS,Viviendas,VIVIENDAS,7,,,,
Villa de Mazo,38053,2013,2013,Saldo de viviendas,SALDO_VIVIENDAS,Viviendas,VIVIENDAS,2,,,,
Villa de Mazo,38053,2014,2014,Saldo de viviendas,SALDO_VIVIENDAS,Viviendas,VIVIENDAS,1,,,,
Villa de Mazo,38053,2015,2015,Saldo de viviendas,SALDO_VIVIENDAS,Viviendas,VIVIENDAS,0,,,,
Villa de Mazo,38053,2016,2016,Saldo de viviendas,SALDO_VIVIENDAS,Viviendas,VIVIENDAS,0,,,,
Villa de Mazo,38053,2017,2017,Saldo de viviendas,SALDO_VIVIENDAS,Viviendas,VIVIENDAS,0,,,,
Villa de Mazo,38053,2018,2018,Saldo de viviendas,SALDO_VIVIENDAS,Viviendas,VIVIENDAS,1,,,,
Villa de Mazo,38053,2019,2019,Saldo de viviendas,SALDO_VIVIENDAS,Viviendas,VIVIENDAS,0,,,,
Villa de Mazo,38053,2012,2012,Obra nueva,OBRA_NUEVA,Viviendas,VIVIENDAS,4,,,,
Villa de Mazo,38053,2013,2013,Obra nueva,OBRA_NUEVA,Viviendas,VIVIENDAS,0,,,,
Villa de Mazo,38053,2014,2014,Obra nueva,OBRA_NUEVA,Viviendas,VIVIENDAS,0,,,,
Villa de Mazo,38053,2015,2015,Obra nueva,OBRA_NUEVA,Viviendas,VIVIENDAS,0,,,,
Villa de Mazo,38053,2016,2016,Obra nueva,OBRA_NUEVA,Viviendas,VIVIENDAS,0,,,,
Villa de Mazo,38053,2017,2017,Obra nueva,OBRA_NUEVA,Viviendas,VIVIENDAS,0,,,,
Villa de Mazo,38053,2018,2018,Obra nueva,OBRA_NUEVA,Viviendas,VIVIENDAS,1,,,,
Villa de Mazo,38053,2019,2019,Obra nueva,OBRA_NUEVA,Viviendas,VIVIENDAS,0,,,,
Frontera,38013,2012,2012,Demolición,DEMOLICION,Viviendas,VIVIENDAS,0,,,,
Frontera,38013,2013,2013,Demolición,DEMOLICION,Viviendas,VIVIENDAS,0,,,,
Frontera,38013,2014,2014,Demolición,DEMOLICION,Viviendas,VIVIENDAS,0,,,,
Frontera,38013,2015,2015,Demolición,DEMOLICION,Viviendas,VIVIENDAS,0,,,,
Frontera,38013,2016,2016,Demolición,DEMOLICION,Viviendas,VIVIENDAS,0,,,,
Frontera,38013,2017,2017,Demolición,DEMOLICION,Viviendas,VIVIENDAS,0,,,,
Frontera,38013,2018,2018,Demolición,DEMOLICION,Viviendas,VIVIENDAS,0,,,,
Frontera,38013,2019,2019,Demolición,DEMOLICION,Viviendas,VIVIENDAS,0,,,,
Frontera,38013,2012,2012,Rehabilitación,REHABILITACION,Viviendas,VIVIENDAS,4,,,,
Frontera,38013,2013,2013,Rehabilitación,REHABILITACION,Viviendas,VIVIENDAS,2,,,,
Frontera,38013,2014,2014,Rehabilitación,REHABILITACION,Viviendas,VIVIENDAS,1,,,,
Frontera,38013,2015,2015,Rehabilitación,REHABILITACION,Viviendas,VIVIENDAS,0,,,,
Frontera,38013,2016,2016,Rehabilitación,REHABILITACION,Viviendas,VIVIENDAS,1,,,,
Frontera,38013,2017,2017,Rehabilitación,REHABILITACION,Viviendas,VIVIENDAS,0,,,,
Frontera,38013,2018,2018,Rehabilitación,REHABILITACION,Viviendas,VIVIENDAS,1,,,,
Frontera,38013,2019,2019,Rehabilitación,REHABILITACION,Viviendas,VIVIENDAS,2,,,,
Frontera,38013,2012,2012,Saldo de viviendas,SALDO_VIVIENDAS,Viviendas,VIVIENDAS,4,,,,
Frontera,38013,2013,2013,Saldo de viviendas,SALDO_VIVIENDAS,Viviendas,VIVIENDAS,2,,,,
Frontera,38013,2014,2014,Saldo de viviendas,SALDO_VIVIENDAS,Viviendas,VIVIENDAS,3,,,,
Frontera,38013,2015,2015,Saldo de viviendas,SALDO_VIVIENDAS,Viviendas,VIVIENDAS,2,,,,
Frontera,38013,2016,2016,Saldo de viviendas,SALDO_VIVIENDAS,Viviendas,VIVIENDAS,3,,,,
Frontera,38013,2017,2017,Saldo de viviendas,SALDO_VIVIENDAS,Viviendas,VIVIENDAS,0,,,,
Frontera,38013,2018,2018,Saldo de viviendas,SALDO_VIVIENDAS,Viviendas,VIVIENDAS,3,,,,
Frontera,38013,2019,2019,Saldo de viviendas,SALDO_VIVIENDAS,Viviendas,VIVIENDAS,3,,,,
Frontera,38013,2012,2012,Obra nueva,OBRA_NUEVA,Viviendas,VIVIENDAS,0,,,,
Frontera,38013,2013,2013,Obra nueva,OBRA_NUEVA,Viviendas,VIVIENDAS,0,,,,
Frontera,38013,2014,2014,Obra nueva,OBRA_NUEVA,Viviendas,VIVIENDAS,2,,,,
Frontera,38013,2015,2015,Obra nueva,OBRA_NUEVA,Viviendas,VIVIENDAS,2,,,,
Frontera,38013,2016,2016,Obra nueva,OBRA_NUEVA,Viviendas,VIVIENDAS,2,,,,
Frontera,38013,2017,2017,Obra nueva,OBRA_NUEVA,Viviendas,VIVIENDAS,0,,,,
Frontera,38013,2018,2018,Obra nueva,OBRA_NUEVA,Viviendas,VIVIENDAS,2,,,,
Frontera,38013,2019,2019,Obra nueva,OBRA_NUEVA,Viviendas,VIVIENDAS,1,,,,
Valverde,38048,2012,2012,Demolición,DEMOLICION,Viviendas,VIVIENDAS,0,,,,
Valverde,38048,2013,2013,Demolición,DEMOLICION,Viviendas,VIVIENDAS,1,,,,
Valverde,38048,2014,2014,Demolición,DEMOLICION,Viviendas,VIVIENDAS,0,,,,
Valverde,38048,2015,2015,Demolición,DEMOLICION,Viviendas,VIVIENDAS,0,,,,
Valverde,38048,2016,2016,Demolición,DEMOLICION,Viviendas,VIVIENDAS,0,,,,
Valverde,38048,2017,2017,Demolición,DEMOLICION,Viviendas,VIVIENDAS,0,,,,
Valverde,38048,2018,2018,Demolición,DEMOLICION,Viviendas,VIVIENDAS,0,,,,
Valverde,38048,2019,2019,Demolición,DEMOLICION,Viviendas,VIVIENDAS,1,,,,
Valverde,38048,2012,2012,Rehabilitación,REHABILITACION,Viviendas,VIVIENDAS,1,,,,
Valverde,38048,2013,2013,Rehabilitación,REHABILITACION,Viviendas,VIVIENDAS,5,,,,
Valverde,38048,2014,2014,Rehabilitación,REHABILITACION,Viviendas,VIVIENDAS,4,,,,
Valverde,38048,2015,2015,Rehabilitación,REHABILITACION,Viviendas,VIVIENDAS,4,,,,
Valverde,38048,2016,2016,Rehabilitación,REHABILITACION,Viviendas,VIVIENDAS,4,,,,
Valverde,38048,2017,2017,Rehabilitación,REHABILITACION,Viviendas,VIVIENDAS,1,,,,
Valverde,38048,2018,2018,Rehabilitación,REHABILITACION,Viviendas,VIVIENDAS,4,,,,
Valverde,38048,2019,2019,Rehabilitación,REHABILITACION,Viviendas,VIVIENDAS,5,,,,
Valverde,38048,2012,2012,Saldo de viviendas,SALDO_VIVIENDAS,Viviendas,VIVIENDAS,3,,,,
Valverde,38048,2013,2013,Saldo de viviendas,SALDO_VIVIENDAS,Viviendas,VIVIENDAS,8,,,,
Valverde,38048,2014,2014,Saldo de viviendas,SALDO_VIVIENDAS,Viviendas,VIVIENDAS,5,,,,
Valverde,38048,2015,2015,Saldo de viviendas,SALDO_VIVIENDAS,Viviendas,VIVIENDAS,6,,,,
Valverde,38048,2016,2016,Saldo de viviendas,SALDO_VIVIENDAS,Viviendas,VIVIENDAS,6,,,,
Valverde,38048,2017,2017,Saldo de viviendas,SALDO_VIVIENDAS,Viviendas,VIVIENDAS,1,,,,
Valverde,38048,2018,2018,Saldo de viviendas,SALDO_VIVIENDAS,Viviendas,VIVIENDAS,8,,,,
Valverde,38048,2019,2019,Saldo de viviendas,SALDO_VIVIENDAS,Viviendas,VIVIENDAS,15,,,,
Valverde,38048,2012,2012,Obra nueva,OBRA_NUEVA,Viviendas,VIVIENDAS,2,,,,
Valverde,38048,2013,2013,Obra nueva,OBRA_NUEVA,Viviendas,VIVIENDAS,4,,,,
Valverde,38048,2014,2014,Obra nueva,OBRA_NUEVA,Viviendas,VIVIENDAS,1,,,,
Valverde,38048,2015,2015,Obra nueva,OBRA_NUEVA,Viviendas,VIVIENDAS,2,,,,
Valverde,38048,2016,2016,Obra nueva,OBRA_NUEVA,Viviendas,VIVIENDAS,2,,,,
Valverde,38048,2017,2017,Obra nueva,OBRA_NUEVA,Viviendas,VIVIENDAS,0,,,,
Valverde,38048,2018,2018,Obra nueva,OBRA_NUEVA,Viviendas,VIVIENDAS,4,,,,
Valverde,38048,2019,2019,Obra nueva,OBRA_NUEVA,Viviendas,VIVIENDAS,11,,,,
El Pinar de El Hierro,38901,2012,2012,Demolición,DEMOLICION,Viviendas,VIVIENDAS,0,,,,
El Pinar de El Hierro,38901,2013,2013,Demolición,DEMOLICION,Viviendas,VIVIENDAS,0,,,,
El Pinar de El Hierro,38901,2014,2014,Demolición,DEMOLICION,Viviendas,VIVIENDAS,0,,,,
El Pinar de El Hierro,38901,2015,2015,Demolición,DEMOLICION,Viviendas,VIVIENDAS,0,,,,
El Pinar de El Hierro,38901,2016,2016,Demolición,DEMOLICION,Viviendas,VIVIENDAS,0,,,,
El Pinar de El Hierro,38901,2017,2017,Demolición,DEMOLICION,Viviendas,VIVIENDAS,0,,,,
El Pinar de El Hierro,38901,2018,2018,Demolición,DEMOLICION,Viviendas,VIVIENDAS,0,,,,
El Pinar de El Hierro,38901,2019,2019,Demolición,DEMOLICION,Viviendas,VIVIENDAS,0,,,,
El Pinar de El Hierro,38901,2012,2012,Rehabilitación,REHABILITACION,Viviendas,VIVIENDAS,3,,,,
El Pinar de El Hierro,38901,2013,2013,Rehabilitación,REHABILITACION,Viviendas,VIVIENDAS,1,,,,
El Pinar de El Hierro,38901,2014,2014,Rehabilitación,REHABILITACION,Viviendas,VIVIENDAS,0,,,,
El Pinar de El Hierro,38901,2015,2015,Rehabilitación,REHABILITACION,Viviendas,VIVIENDAS,1,,,,
El Pinar de El Hierro,38901,2016,2016,Rehabilitación,REHABILITACION,Viviendas,VIVIENDAS,2,,,,
El Pinar de El Hierro,38901,2017,2017,Rehabilitación,REHABILITACION,Viviendas,VIVIENDAS,0,,,,
El Pinar de El Hierro,38901,2018,2018,Rehabilitación,REHABILITACION,Viviendas,VIVIENDAS,1,,,,
El Pinar de El Hierro,38901,2019,2019,Rehabilitación,REHABILITACION,Viviendas,VIVIENDAS,0,,,,
El Pinar de El Hierro,38901,2012,2012,Saldo de viviendas,SALDO_VIVIENDAS,Viviendas,VIVIENDAS,3,,,,
El Pinar de El Hierro,38901,2013,2013,Saldo de viviendas,SALDO_VIVIENDAS,Viviendas,VIVIENDAS,2,,,,
El Pinar de El Hierro,38901,2014,2014,Saldo de viviendas,SALDO_VIVIENDAS,Viviendas,VIVIENDAS,0,,,,
El Pinar de El Hierro,38901,2015,2015,Saldo de viviendas,SALDO_VIVIENDAS,Viviendas,VIVIENDAS,2,,,,
El Pinar de El Hierro,38901,2016,2016,Saldo de viviendas,SALDO_VIVIENDAS,Viviendas,VIVIENDAS,4,,,,
El Pinar de El Hierro,38901,2017,2017,Saldo de viviendas,SALDO_VIVIENDAS,Viviendas,VIVIENDAS,1,,,,
El Pinar de El Hierro,38901,2018,2018,Saldo de viviendas,SALDO_VIVIENDAS,Viviendas,VIVIENDAS,2,,,,
El Pinar de El Hierro,38901,2019,2019,Saldo de viviendas,SALDO_VIVIENDAS,Viviendas,VIVIENDAS,0,,,,
El Pinar de El Hierro,38901,2012,2012,Obra nueva,OBRA_NUEVA,Viviendas,VIVIENDAS,0,,,,
El Pinar de El Hierro,38901,2013,2013,Obra nueva,OBRA_NUEVA,Viviendas,VIVIENDAS,1,,,,
El Pinar de El Hierro,38901,2014,2014,Obra nueva,OBRA_NUEVA,Viviendas,VIVIENDAS,0,,,,
El Pinar de El Hierro,38901,2015,2015,Obra nueva,OBRA_NUEVA,Viviendas,VIVIENDAS,1,,,,
El Pinar de El Hierro,38901,2016,2016,Obra nueva,OBRA_NUEVA,Viviendas,VIVIENDAS,2,,,,
El Pinar de El Hierro,38901,2017,2017,Obra nueva,OBRA_NUEVA,Viviendas,VIVIENDAS,1,,,,
El Pinar de El Hierro,38901,2018,2018,Obra nueva,OBRA_NUEVA,Viviendas,VIVIENDAS,1,,,,
El Pinar de El Hierro,38901,2019,2019,Obra nueva,OBRA_NUEVA,Viviendas,VIVIENDAS,0,,,,
